StockType,StockName,Date,Close,Holdings
ETF,AAAU,2019-03-11,12.930000305175781,4.041595634609829
ETF,AAAU,2019-03-12,13.010000228881836,4.041595634609829
ETF,AAAU,2019-03-13,13.09000015258789,4.041595634609829
ETF,AAAU,2019-03-14,12.949999809265137,4.041595634609829
ETF,AAAU,2019-03-15,13.010000228881836,4.041595634609829
ETF,AAAU,2019-03-18,13.020000457763672,4.041595634609829
ETF,AAAU,2019-03-19,13.0600004196167,4.041595634609829
ETF,AAAU,2019-03-20,13.119999885559082,4.041595634609829
ETF,AAAU,2019-03-21,13.079999923706055,4.041595634609829
ETF,AAAU,2019-03-22,13.119999885559082,4.041595634609829
ETF,AAAU,2019-03-25,13.210000038146973,4.041595634609829
ETF,AAAU,2019-03-26,13.149999618530273,4.041595634609829
ETF,AAAU,2019-03-27,13.079999923706055,4.041595634609829
ETF,AAAU,2019-03-28,12.899999618530273,4.041595634609829
ETF,AAAU,2019-03-29,12.90999984741211,4.041595634609829
ETF,AAAU,2019-04-01,12.859999656677246,4.041595634609829
ETF,AAAU,2019-04-02,12.899999618530273,4.041595634609829
ETF,AAAU,2019-04-03,12.890000343322754,4.041595634609829
ETF,AAAU,2019-04-04,12.90999984741211,4.041595634609829
ETF,AAAU,2019-04-05,12.90999984741211,4.041595634609829
ETF,AAAU,2019-04-08,12.960000038146973,4.041595634609829
ETF,AAAU,2019-04-09,13.029999732971191,4.041595634609829
ETF,AAAU,2019-04-10,13.069999694824219,4.041595634609829
ETF,AAAU,2019-04-11,12.90999984741211,4.041595634609829
ETF,AAAU,2019-04-12,12.890000343322754,4.041595634609829
ETF,AAAU,2019-04-15,12.859999656677246,4.041595634609829
ETF,AAAU,2019-04-16,12.75,4.041595634609829
ETF,AAAU,2019-04-17,12.720000267028809,4.041595634609829
ETF,AAAU,2019-04-18,12.739999771118164,4.041595634609829
ETF,AAAU,2019-04-22,12.739999771118164,4.041595634609829
ETF,AAAU,2019-04-23,12.710000038146973,4.041595634609829
ETF,AAAU,2019-04-24,12.739999771118164,4.041595634609829
ETF,AAAU,2019-04-25,12.760000228881836,4.041595634609829
ETF,AAAU,2019-04-26,12.850000381469727,4.041595634609829
ETF,AAAU,2019-04-29,12.779999732971191,4.041595634609829
ETF,AAAU,2019-04-30,12.829999923706055,4.041595634609829
ETF,AAAU,2019-05-01,12.75,4.041595634609829
ETF,AAAU,2019-05-02,12.699999809265137,4.041595634609829
ETF,AAAU,2019-05-03,12.770000457763672,4.041595634609829
ETF,AAAU,2019-05-06,12.779999732971191,4.041595634609829
ETF,AAAU,2019-05-07,12.829999923706055,4.041595634609829
ETF,AAAU,2019-05-08,12.800000190734863,4.041595634609829
ETF,AAAU,2019-05-09,12.819999694824219,4.041595634609829
ETF,AAAU,2019-05-10,12.850000381469727,4.041595634609829
ETF,AAAU,2019-05-13,12.970000267028809,4.041595634609829
ETF,AAAU,2019-05-14,12.949999809265137,4.041595634609829
ETF,AAAU,2019-05-15,12.949999809265137,4.041595634609829
ETF,AAAU,2019-05-16,12.859999656677246,4.041595634609829
ETF,AAAU,2019-05-17,12.760000228881836,4.041595634609829
ETF,AAAU,2019-05-20,12.770000457763672,4.041595634609829
ETF,AAAU,2019-05-21,12.729999542236328,4.041595634609829
ETF,AAAU,2019-05-22,12.720000267028809,4.041595634609829
ETF,AAAU,2019-05-23,12.819999694824219,4.041595634609829
ETF,AAAU,2019-05-24,12.829999923706055,4.041595634609829
ETF,AAAU,2019-05-28,12.779999732971191,4.041595634609829
ETF,AAAU,2019-05-29,12.779999732971191,4.041595634609829
ETF,AAAU,2019-05-30,12.869999885559082,4.041595634609829
ETF,AAAU,2019-05-31,13.050000190734863,4.041595634609829
ETF,AAAU,2019-06-03,13.239999771118164,4.041595634609829
ETF,AAAU,2019-06-04,13.239999771118164,4.041595634609829
ETF,AAAU,2019-06-05,13.270000457763672,4.041595634609829
ETF,AAAU,2019-06-06,13.319999694824219,4.041595634609829
ETF,AAAU,2019-06-07,13.399999618530273,4.041595634609829
ETF,AAAU,2019-06-10,13.260000228881836,4.041595634609829
ETF,AAAU,2019-06-11,13.25,4.041595634609829
ETF,AAAU,2019-06-12,13.319999694824219,4.041595634609829
ETF,AAAU,2019-06-13,13.4399995803833,4.041595634609829
ETF,AAAU,2019-06-14,13.390000343322754,4.041595634609829
ETF,AAAU,2019-06-17,13.399999618530273,4.041595634609829
ETF,AAAU,2019-06-18,13.449999809265137,4.041595634609829
ETF,AAAU,2019-06-19,13.529999732971191,4.041595634609829
ETF,AAAU,2019-06-20,13.890000343322754,4.041595634609829
ETF,AAAU,2019-06-21,13.979999542236328,4.041595634609829
ETF,AAAU,2019-06-24,14.170000076293945,4.041595634609829
ETF,AAAU,2019-06-25,14.220000267028809,4.041595634609829
ETF,AAAU,2019-06-26,14.079999923706055,4.041595634609829
ETF,AAAU,2019-06-27,14.0600004196167,4.041595634609829
ETF,AAAU,2019-06-28,14.100000381469727,4.041595634609829
ETF,AAAU,2019-07-01,13.8100004196167,4.041595634609829
ETF,AAAU,2019-07-02,14.119999885559082,4.041595634609829
ETF,AAAU,2019-07-03,14.140000343322754,4.041595634609829
ETF,AAAU,2019-07-05,13.979999542236328,4.041595634609829
ETF,AAAU,2019-07-08,13.899999618530273,4.041595634609829
ETF,AAAU,2019-07-09,13.9399995803833,4.041595634609829
ETF,AAAU,2019-07-10,14.149999618530273,4.041595634609829
ETF,AAAU,2019-07-11,14.050000190734863,4.041595634609829
ETF,AAAU,2019-07-12,14.130000114440918,4.041595634609829
ETF,AAAU,2019-07-15,14.119999885559082,4.041595634609829
ETF,AAAU,2019-07-16,14.010000228881836,4.041595634609829
ETF,AAAU,2019-07-17,14.229999542236328,4.041595634609829
ETF,AAAU,2019-07-18,14.430000305175781,4.041595634609829
ETF,AAAU,2019-07-19,14.229999542236328,4.041595634609829
ETF,AAAU,2019-07-22,14.229999542236328,4.041595634609829
ETF,AAAU,2019-07-23,14.140000343322754,4.041595634609829
ETF,AAAU,2019-07-24,14.220000267028809,4.041595634609829
ETF,AAAU,2019-07-25,14.119999885559082,4.041595634609829
ETF,AAAU,2019-07-26,14.149999618530273,4.041595634609829
ETF,AAAU,2019-07-29,14.239999771118164,4.041595634609829
ETF,AAAU,2019-07-30,14.289999961853027,4.041595634609829
ETF,AAAU,2019-07-31,14.100000381469727,4.041595634609829
ETF,AAAU,2019-08-01,14.430000305175781,4.041595634609829
ETF,AAAU,2019-08-02,14.390000343322754,4.041595634609829
ETF,AAAU,2019-08-05,14.579999923706055,4.041595634609829
ETF,AAAU,2019-08-06,14.699999809265137,4.041595634609829
ETF,AAAU,2019-08-07,14.930000305175781,4.041595634609829
ETF,AAAU,2019-08-08,15.0,4.041595634609829
ETF,AAAU,2019-08-09,14.960000038146973,4.041595634609829
ETF,AAAU,2019-08-12,15.109999656677246,4.041595634609829
ETF,AAAU,2019-08-13,15.010000228881836,4.041595634609829
ETF,AAAU,2019-08-14,15.119999885559082,4.041595634609829
ETF,AAAU,2019-08-15,15.210000038146973,4.041595634609829
ETF,AAAU,2019-08-16,15.119999885559082,4.041595634609829
ETF,AAAU,2019-08-19,14.930000305175781,4.041595634609829
ETF,AAAU,2019-08-20,15.050000190734863,4.041595634609829
ETF,AAAU,2019-08-21,15.010000228881836,4.041595634609829
ETF,AAAU,2019-08-22,14.970000267028809,4.041595634609829
ETF,AAAU,2019-08-23,15.270000457763672,4.041595634609829
ETF,AAAU,2019-08-26,15.239999771118164,4.041595634609829
ETF,AAAU,2019-08-27,15.399999618530273,4.041595634609829
ETF,AAAU,2019-08-28,15.369999885559082,4.041595634609829
ETF,AAAU,2019-08-29,15.260000228881836,4.041595634609829
ETF,AAAU,2019-08-30,15.210000038146973,4.041595634609829
ETF,AAAU,2019-09-03,15.430000305175781,4.041595634609829
ETF,AAAU,2019-09-04,15.520000457763672,4.041595634609829
ETF,AAAU,2019-09-05,15.15999984741211,4.041595634609829
ETF,AAAU,2019-09-06,15.029999732971191,4.041595634609829
ETF,AAAU,2019-09-09,14.970000267028809,4.041595634609829
ETF,AAAU,2019-09-10,14.84000015258789,4.041595634609829
ETF,AAAU,2019-09-11,14.9399995803833,4.041595634609829
ETF,AAAU,2019-09-12,14.960000038146973,4.041595634609829
ETF,AAAU,2019-09-13,14.850000381469727,4.041595634609829
ETF,AAAU,2019-09-16,14.970000267028809,4.041595634609829
ETF,AAAU,2019-09-17,14.989999771118164,4.041595634609829
ETF,AAAU,2019-09-18,14.899999618530273,4.041595634609829
ETF,AAAU,2019-09-19,14.949999809265137,4.041595634609829
ETF,AAAU,2019-09-20,15.140000343322754,4.041595634609829
ETF,AAAU,2019-09-23,15.229999542236328,4.041595634609829
ETF,AAAU,2019-09-24,15.289999961853027,4.041595634609829
ETF,AAAU,2019-09-25,15.020000457763672,4.041595634609829
ETF,AAAU,2019-09-26,15.020000457763672,4.041595634609829
ETF,AAAU,2019-09-27,14.9399995803833,4.041595634609829
ETF,AAAU,2019-09-30,14.720000267028809,4.041595634609829
ETF,AAAU,2019-10-01,14.770000457763672,4.041595634609829
ETF,AAAU,2019-10-02,14.949999809265137,4.041595634609829
ETF,AAAU,2019-10-03,15.029999732971191,4.041595634609829
ETF,AAAU,2019-10-04,15.029999732971191,4.041595634609829
ETF,AAAU,2019-10-17,14.880000114440918,4.041595634609829
ETF,AAAU,2019-10-18,14.869999885559082,4.041595634609829
ETF,AAAU,2019-10-21,14.800000190734863,4.041595634609829
ETF,AAAU,2019-10-22,14.850000381469727,4.041595634609829
ETF,AAAU,2019-10-23,14.890000343322754,4.041595634609829
ETF,AAAU,2019-10-24,15.0,4.041595634609829
ETF,AAAU,2019-10-25,15.020000457763672,4.041595634609829
ETF,AAAU,2019-10-28,14.890000343322754,4.041595634609829
ETF,AAAU,2019-10-29,14.850000381469727,4.041595634609829
ETF,AAAU,2019-10-30,14.930000305175781,4.041595634609829
ETF,AAAU,2019-10-31,15.079999923706055,4.041595634609829
ETF,AAAU,2019-11-01,15.09000015258789,4.041595634609829
ETF,AAAU,2019-11-04,15.050000190734863,4.041595634609829
ETF,AAAU,2019-11-05,14.819999694824219,4.041595634609829
ETF,AAAU,2019-11-06,14.869999885559082,4.041595634609829
ETF,AAAU,2019-11-07,14.649999618530273,4.041595634609829
ETF,AAAU,2019-11-08,14.5600004196167,4.041595634609829
ETF,AAAU,2019-11-11,14.520000457763672,4.041595634609829
ETF,AAAU,2019-11-12,14.5600004196167,4.041595634609829
ETF,AAAU,2019-11-13,14.609999656677246,4.041595634609829
ETF,AAAU,2019-11-14,14.65999984741211,4.041595634609829
ETF,AAAU,2019-11-15,14.640000343322754,4.041595634609829
ETF,AAAU,2019-11-18,14.6899995803833,4.041595634609829
ETF,AAAU,2019-11-19,14.680000305175781,4.041595634609829
ETF,AAAU,2019-11-20,14.699999809265137,4.041595634609829
ETF,AAAU,2019-11-21,14.609999656677246,4.041595634609829
ETF,AAAU,2019-11-22,14.59000015258789,4.041595634609829
ETF,AAAU,2019-11-25,14.520000457763672,4.041595634609829
ETF,AAAU,2019-11-26,14.579999923706055,4.041595634609829
ETF,AAAU,2019-11-27,14.510000228881836,4.041595634609829
ETF,AAAU,2019-11-29,14.609999656677246,4.041595634609829
ETF,AAAU,2019-12-02,14.59000015258789,4.041595634609829
ETF,AAAU,2019-12-03,14.739999771118164,4.041595634609829
ETF,AAAU,2019-12-04,14.720000267028809,4.041595634609829
ETF,AAAU,2019-12-05,14.729999542236328,4.041595634609829
ETF,AAAU,2019-12-06,14.569999694824219,4.041595634609829
ETF,AAAU,2019-12-09,14.579999923706055,4.041595634609829
ETF,AAAU,2019-12-10,14.609999656677246,4.041595634609829
ETF,AAAU,2019-12-11,14.710000038146973,4.041595634609829
ETF,AAAU,2019-12-12,14.65999984741211,4.041595634609829
ETF,AAAU,2019-12-13,14.739999771118164,4.041595634609829
ETF,AAAU,2019-12-16,14.720000267028809,4.041595634609829
ETF,AAAU,2019-12-17,14.720000267028809,4.041595634609829
ETF,AAAU,2019-12-18,14.729999542236328,4.041595634609829
ETF,AAAU,2019-12-19,14.760000228881836,4.041595634609829
ETF,AAAU,2019-12-20,14.739999771118164,4.041595634609829
ETF,AAAU,2019-12-23,14.819999694824219,4.041595634609829
ETF,AAAU,2019-12-24,14.960000038146973,4.041595634609829
ETF,AAAU,2019-12-26,15.069999694824219,4.041595634609829
ETF,AAAU,2019-12-27,15.079999923706055,4.041595634609829
ETF,AAAU,2019-12-30,15.109999656677246,4.041595634609829
ETF,AAAU,2019-12-31,15.149999618530273,4.041595634609829
ETF,AAAU,2020-01-02,15.25,4.041595634609829
ETF,AAAU,2020-01-03,15.449999809265137,4.041595634609829
ETF,AAAU,2020-01-06,15.619999885559082,4.041595634609829
ETF,AAAU,2020-01-07,15.680000305175781,4.041595634609829
ETF,AAAU,2020-01-08,15.5600004196167,4.041595634609829
ETF,AAAU,2020-01-09,15.470000267028809,4.041595634609829
ETF,AAAU,2020-01-10,15.569999694824219,4.041595634609829
ETF,AAAU,2020-01-13,15.449999809265137,4.041595634609829
ETF,AAAU,2020-01-14,15.4399995803833,4.041595634609829
ETF,AAAU,2020-01-15,15.520000457763672,4.041595634609829
ETF,AAAU,2020-01-16,15.489999771118164,4.041595634609829
ETF,AAAU,2020-01-17,15.529999732971191,4.041595634609829
ETF,AAAU,2020-01-21,15.550000190734863,4.041595634609829
ETF,AAAU,2020-01-22,15.550000190734863,4.041595634609829
ETF,AAAU,2020-01-23,15.59000015258789,4.041595634609829
ETF,AAAU,2020-01-24,15.680000305175781,4.041595634609829
ETF,AAAU,2020-01-27,15.789999961853027,4.041595634609829
ETF,AAAU,2020-01-28,15.649999618530273,4.041595634609829
ETF,AAAU,2020-01-29,15.729999542236328,4.041595634609829
ETF,AAAU,2020-01-30,15.739999771118164,4.041595634609829
ETF,AAAU,2020-01-31,15.829999923706055,4.041595634609829
ETF,AAAU,2020-02-03,15.729999542236328,4.041595634609829
ETF,AAAU,2020-02-04,15.510000228881836,4.041595634609829
ETF,AAAU,2020-02-05,15.539999961853027,4.041595634609829
ETF,AAAU,2020-02-06,15.630000114440918,4.041595634609829
ETF,AAAU,2020-02-07,15.670000076293945,4.041595634609829
ETF,AAAU,2020-02-10,15.6899995803833,4.041595634609829
ETF,AAAU,2020-02-11,15.649999618530273,4.041595634609829
ETF,AAAU,2020-02-12,15.630000114440918,4.041595634609829
ETF,AAAU,2020-02-13,15.720000267028809,4.041595634609829
ETF,AAAU,2020-02-14,15.789999961853027,4.041595634609829
ETF,AAAU,2020-02-18,15.989999771118164,4.041595634609829
ETF,AAAU,2020-02-19,16.09000015258789,4.041595634609829
ETF,AAAU,2020-02-20,16.15999984741211,4.041595634609829
ETF,AAAU,2020-02-21,16.399999618530273,4.041595634609829
ETF,AAAU,2020-02-24,16.559999465942383,4.041595634609829
ETF,AAAU,2020-02-25,16.25,4.041595634609829
ETF,AAAU,2020-02-26,16.31999969482422,4.041595634609829
ETF,AAAU,2020-02-27,16.31999969482422,4.041595634609829
ETF,AAAU,2020-02-28,15.729999542236328,4.041595634609829
ETF,AAAU,2020-03-02,15.8100004196167,4.041595634609829
ETF,AAAU,2020-03-03,16.309999465942383,4.041595634609829
ETF,AAAU,2020-03-04,16.34000015258789,4.041595634609829
ETF,AAAU,2020-03-05,16.690000534057617,4.041595634609829
ETF,AAAU,2020-03-06,16.690000534057617,4.041595634609829
ETF,AAAU,2020-03-09,16.729999542236328,4.041595634609829
ETF,AAAU,2020-03-10,16.399999618530273,4.041595634609829
ETF,AAAU,2020-03-11,16.329999923706055,4.041595634609829
ETF,AAAU,2020-03-12,15.670000076293945,4.041595634609829
ETF,AAAU,2020-03-13,15.1899995803833,4.041595634609829
ETF,AAAU,2020-03-16,15.039999961853027,4.041595634609829
ETF,AAAU,2020-03-17,15.25,4.041595634609829
ETF,AAAU,2020-03-18,14.930000305175781,4.041595634609829
ETF,AAAU,2020-03-19,14.649999618530273,4.041595634609829
ETF,AAAU,2020-03-20,14.859999656677246,4.041595634609829
ETF,AAAU,2020-03-23,15.489999771118164,4.041595634609829
ETF,AAAU,2020-03-24,16.360000610351562,4.041595634609829
ETF,AAAU,2020-03-25,16.1200008392334,4.041595634609829
ETF,AAAU,2020-03-26,16.399999618530273,4.041595634609829
ETF,AAAU,2020-03-27,16.290000915527344,4.041595634609829
ETF,AAAU,2020-03-30,16.239999771118164,4.041595634609829
ETF,AAAU,2020-03-31,15.720000267028809,4.041595634609829
ETF,AAAU,2020-04-01,15.869999885559082,4.041595634609829
ETF,AADR,2019-03-11,45.0,1.9253508727372404
ETF,AADR,2019-03-12,45.15999984741211,1.9253508727372404
ETF,AADR,2019-03-13,45.45000076293945,1.9253508727372404
ETF,AADR,2019-03-14,45.349998474121094,1.9253508727372404
ETF,AADR,2019-03-15,45.880001068115234,1.9253508727372404
ETF,AADR,2019-03-18,46.0,1.9253508727372404
ETF,AADR,2019-03-19,46.29999923706055,1.9253508727372404
ETF,AADR,2019-03-20,46.61000061035156,1.9253508727372404
ETF,AADR,2019-03-21,46.150001525878906,1.9253508727372404
ETF,AADR,2019-03-22,45.220001220703125,1.9253508727372404
ETF,AADR,2019-03-25,45.09000015258789,1.9253508727372404
ETF,AADR,2019-03-26,45.45000076293945,1.9253508727372404
ETF,AADR,2019-03-27,44.61000061035156,1.9253508727372404
ETF,AADR,2019-03-28,44.849998474121094,1.9253508727372404
ETF,AADR,2019-03-29,45.5,1.9253508727372404
ETF,AADR,2019-04-01,45.83000183105469,1.9253508727372404
ETF,AADR,2019-04-02,45.91999816894531,1.9253508727372404
ETF,AADR,2019-04-03,46.08000183105469,1.9253508727372404
ETF,AADR,2019-04-04,45.93000030517578,1.9253508727372404
ETF,AADR,2019-04-05,46.45000076293945,1.9253508727372404
ETF,AADR,2019-04-08,46.560001373291016,1.9253508727372404
ETF,AADR,2019-04-09,46.2400016784668,1.9253508727372404
ETF,AADR,2019-04-10,46.439998626708984,1.9253508727372404
ETF,AADR,2019-04-11,45.95000076293945,1.9253508727372404
ETF,AADR,2019-04-12,45.900001525878906,1.9253508727372404
ETF,AADR,2019-04-15,45.77000045776367,1.9253508727372404
ETF,AADR,2019-04-16,45.4900016784668,1.9253508727372404
ETF,AADR,2019-04-17,45.40999984741211,1.9253508727372404
ETF,AADR,2019-04-18,45.4900016784668,1.9253508727372404
ETF,AADR,2019-04-22,45.34000015258789,1.9253508727372404
ETF,AADR,2019-04-23,45.779998779296875,1.9253508727372404
ETF,AADR,2019-04-24,45.31999969482422,1.9253508727372404
ETF,AADR,2019-04-25,45.650001525878906,1.9253508727372404
ETF,AADR,2019-04-26,45.97999954223633,1.9253508727372404
ETF,AADR,2019-04-29,46.16999816894531,1.9253508727372404
ETF,AADR,2019-04-30,46.13999938964844,1.9253508727372404
ETF,AADR,2019-05-01,45.619998931884766,1.9253508727372404
ETF,AADR,2019-05-02,45.4900016784668,1.9253508727372404
ETF,AADR,2019-05-03,46.439998626708984,1.9253508727372404
ETF,AADR,2019-05-06,45.95000076293945,1.9253508727372404
ETF,AADR,2019-05-07,45.34000015258789,1.9253508727372404
ETF,AADR,2019-05-08,45.470001220703125,1.9253508727372404
ETF,AADR,2019-05-09,45.5099983215332,1.9253508727372404
ETF,AADR,2019-05-10,45.470001220703125,1.9253508727372404
ETF,AADR,2019-05-13,44.459999084472656,1.9253508727372404
ETF,AADR,2019-05-14,45.06999969482422,1.9253508727372404
ETF,AADR,2019-05-15,45.380001068115234,1.9253508727372404
ETF,AADR,2019-05-16,45.720001220703125,1.9253508727372404
ETF,AADR,2019-05-17,45.04999923706055,1.9253508727372404
ETF,AADR,2019-05-20,44.880001068115234,1.9253508727372404
ETF,AADR,2019-05-21,45.540000915527344,1.9253508727372404
ETF,AADR,2019-05-22,45.66999816894531,1.9253508727372404
ETF,AADR,2019-05-23,45.36000061035156,1.9253508727372404
ETF,AADR,2019-05-24,45.810001373291016,1.9253508727372404
ETF,AADR,2019-05-28,45.79999923706055,1.9253508727372404
ETF,AADR,2019-05-29,45.56999969482422,1.9253508727372404
ETF,AADR,2019-05-30,46.0,1.9253508727372404
ETF,AADR,2019-05-31,46.060001373291016,1.9253508727372404
ETF,AADR,2019-06-03,46.52000045776367,1.9253508727372404
ETF,AADR,2019-06-04,47.08000183105469,1.9253508727372404
ETF,AADR,2019-06-05,47.029998779296875,1.9253508727372404
ETF,AADR,2019-06-06,47.150001525878906,1.9253508727372404
ETF,AADR,2019-06-07,47.959999084472656,1.9253508727372404
ETF,AADR,2019-06-10,47.939998626708984,1.9253508727372404
ETF,AADR,2019-06-11,48.2400016784668,1.9253508727372404
ETF,AADR,2019-06-12,48.34000015258789,1.9253508727372404
ETF,AADR,2019-06-13,48.41999816894531,1.9253508727372404
ETF,AADR,2019-06-14,48.09000015258789,1.9253508727372404
ETF,AADR,2019-06-17,48.04999923706055,1.9253508727372404
ETF,AADR,2019-06-18,48.72999954223633,1.9253508727372404
ETF,AADR,2019-06-19,49.040000915527344,1.9253508727372404
ETF,AADR,2019-06-20,49.790000915527344,1.9253508727372404
ETF,AADR,2019-06-21,49.4900016784668,1.9253508727372404
ETF,AADR,2019-06-24,49.650001525878906,1.9253508727372404
ETF,AADR,2019-06-25,48.939998626708984,1.9253508727372404
ETF,AADR,2019-06-26,48.900001525878906,1.9253508727372404
ETF,AADR,2019-06-27,49.2599983215332,1.9253508727372404
ETF,AADR,2019-06-28,49.75,1.9253508727372404
ETF,AADR,2019-07-01,49.880001068115234,1.9253508727372404
ETF,AADR,2019-07-02,49.91999816894531,1.9253508727372404
ETF,AADR,2019-07-03,50.33000183105469,1.9253508727372404
ETF,AADR,2019-07-05,50.290000915527344,1.9253508727372404
ETF,AADR,2019-07-08,50.33000183105469,1.9253508727372404
ETF,AADR,2019-07-09,50.380001068115234,1.9253508727372404
ETF,AADR,2019-07-10,50.630001068115234,1.9253508727372404
ETF,AADR,2019-07-11,50.61000061035156,1.9253508727372404
ETF,AADR,2019-07-12,50.66999816894531,1.9253508727372404
ETF,AADR,2019-07-15,51.349998474121094,1.9253508727372404
ETF,AADR,2019-07-16,51.16999816894531,1.9253508727372404
ETF,AADR,2019-07-17,51.22999954223633,1.9253508727372404
ETF,AADR,2019-07-18,52.0,1.9253508727372404
ETF,AADR,2019-07-19,51.5099983215332,1.9253508727372404
ETF,AADR,2019-07-22,51.86000061035156,1.9253508727372404
ETF,AADR,2019-07-23,51.619998931884766,1.9253508727372404
ETF,AADR,2019-07-24,51.65999984741211,1.9253508727372404
ETF,AADR,2019-07-25,51.33000183105469,1.9253508727372404
ETF,AADR,2019-07-26,51.439998626708984,1.9253508727372404
ETF,AADR,2019-07-29,51.47999954223633,1.9253508727372404
ETF,AADR,2019-07-30,51.2400016784668,1.9253508727372404
ETF,AADR,2019-07-31,50.63999938964844,1.9253508727372404
ETF,AADR,2019-08-01,50.95000076293945,1.9253508727372404
ETF,AADR,2019-08-02,50.2599983215332,1.9253508727372404
ETF,AADR,2019-08-05,48.91999816894531,1.9253508727372404
ETF,AADR,2019-08-06,49.41999816894531,1.9253508727372404
ETF,AADR,2019-08-07,49.779998779296875,1.9253508727372404
ETF,AADR,2019-08-08,50.70000076293945,1.9253508727372404
ETF,AADR,2019-08-09,50.52000045776367,1.9253508727372404
ETF,AADR,2019-08-12,49.529998779296875,1.9253508727372404
ETF,AADR,2019-08-13,49.75,1.9253508727372404
ETF,AADR,2019-08-14,48.529998779296875,1.9253508727372404
ETF,AADR,2019-08-15,48.380001068115234,1.9253508727372404
ETF,AADR,2019-08-16,48.84000015258789,1.9253508727372404
ETF,AADR,2019-08-19,48.810001373291016,1.9253508727372404
ETF,AADR,2019-08-20,49.150001525878906,1.9253508727372404
ETF,AADR,2019-08-21,49.619998931884766,1.9253508727372404
ETF,AADR,2019-08-22,49.349998474121094,1.9253508727372404
ETF,AADR,2019-08-23,48.66999816894531,1.9253508727372404
ETF,AADR,2019-08-26,48.790000915527344,1.9253508727372404
ETF,AADR,2019-08-27,48.880001068115234,1.9253508727372404
ETF,AADR,2019-08-28,48.970001220703125,1.9253508727372404
ETF,AADR,2019-08-29,49.27000045776367,1.9253508727372404
ETF,AADR,2019-08-30,49.5,1.9253508727372404
ETF,AADR,2019-09-03,49.06999969482422,1.9253508727372404
ETF,AADR,2019-09-04,49.68000030517578,1.9253508727372404
ETF,AADR,2019-09-05,49.959999084472656,1.9253508727372404
ETF,AADR,2019-09-06,49.86000061035156,1.9253508727372404
ETF,AADR,2019-09-09,49.16999816894531,1.9253508727372404
ETF,AADR,2019-09-10,48.650001525878906,1.9253508727372404
ETF,AADR,2019-09-11,49.060001373291016,1.9253508727372404
ETF,AADR,2019-09-12,49.41999816894531,1.9253508727372404
ETF,AADR,2019-09-13,48.95000076293945,1.9253508727372404
ETF,AADR,2019-09-16,48.540000915527344,1.9253508727372404
ETF,AADR,2019-09-17,49.0099983215332,1.9253508727372404
ETF,AADR,2019-09-18,48.970001220703125,1.9253508727372404
ETF,AADR,2019-09-19,48.95000076293945,1.9253508727372404
ETF,AADR,2019-09-20,48.880001068115234,1.9253508727372404
ETF,AADR,2019-09-23,48.61000061035156,1.9253508727372404
ETF,AADR,2019-09-24,48.380001068115234,1.9253508727372404
ETF,AADR,2019-09-25,48.22999954223633,1.9253508727372404
ETF,AADR,2019-09-26,48.40999984741211,1.9253508727372404
ETF,AADR,2019-09-27,47.4900016784668,1.9253508727372404
ETF,AADR,2019-09-30,47.66999816894531,1.9253508727372404
ETF,AADR,2019-10-01,47.25,1.9253508727372404
ETF,AADR,2019-10-02,46.709999084472656,1.9253508727372404
ETF,AADR,2019-10-03,47.36000061035156,1.9253508727372404
ETF,AADR,2019-10-04,47.869998931884766,1.9253508727372404
ETF,AADR,2019-10-17,48.65999984741211,1.9253508727372404
ETF,AADR,2019-10-18,48.43000030517578,1.9253508727372404
ETF,AADR,2019-10-21,48.29999923706055,1.9253508727372404
ETF,AADR,2019-10-22,48.33000183105469,1.9253508727372404
ETF,AADR,2019-10-23,48.45000076293945,1.9253508727372404
ETF,AADR,2019-10-24,49.439998626708984,1.9253508727372404
ETF,AADR,2019-10-25,49.630001068115234,1.9253508727372404
ETF,AADR,2019-10-28,49.70000076293945,1.9253508727372404
ETF,AADR,2019-10-29,49.91999816894531,1.9253508727372404
ETF,AADR,2019-10-30,50.560001373291016,1.9253508727372404
ETF,AADR,2019-10-31,50.43000030517578,1.9253508727372404
ETF,AADR,2019-11-01,50.61000061035156,1.9253508727372404
ETF,AADR,2019-11-04,50.77000045776367,1.9253508727372404
ETF,AADR,2019-11-05,50.27000045776367,1.9253508727372404
ETF,AADR,2019-11-06,50.25,1.9253508727372404
ETF,AADR,2019-11-07,50.040000915527344,1.9253508727372404
ETF,AADR,2019-11-08,49.900001525878906,1.9253508727372404
ETF,AADR,2019-11-11,49.79999923706055,1.9253508727372404
ETF,AADR,2019-11-12,49.689998626708984,1.9253508727372404
ETF,AADR,2019-11-13,49.95000076293945,1.9253508727372404
ETF,AADR,2019-11-14,50.11000061035156,1.9253508727372404
ETF,AADR,2019-11-15,50.29999923706055,1.9253508727372404
ETF,AADR,2019-11-18,50.36000061035156,1.9253508727372404
ETF,AADR,2019-11-19,50.099998474121094,1.9253508727372404
ETF,AADR,2019-11-20,50.02000045776367,1.9253508727372404
ETF,AADR,2019-11-21,49.939998626708984,1.9253508727372404
ETF,AADR,2019-11-22,49.93000030517578,1.9253508727372404
ETF,AADR,2019-11-25,50.41999816894531,1.9253508727372404
ETF,AADR,2019-11-26,50.650001525878906,1.9253508727372404
ETF,AADR,2019-11-27,50.66999816894531,1.9253508727372404
ETF,AADR,2019-11-29,50.689998626708984,1.9253508727372404
ETF,AADR,2019-12-02,50.58000183105469,1.9253508727372404
ETF,AADR,2019-12-03,50.599998474121094,1.9253508727372404
ETF,AADR,2019-12-04,51.119998931884766,1.9253508727372404
ETF,AADR,2019-12-05,51.380001068115234,1.9253508727372404
ETF,AADR,2019-12-06,51.560001373291016,1.9253508727372404
ETF,AADR,2019-12-09,51.70000076293945,1.9253508727372404
ETF,AADR,2019-12-10,51.720001220703125,1.9253508727372404
ETF,AADR,2019-12-11,52.34000015258789,1.9253508727372404
ETF,AADR,2019-12-12,52.47999954223633,1.9253508727372404
ETF,AADR,2019-12-13,52.540000915527344,1.9253508727372404
ETF,AADR,2019-12-16,53.130001068115234,1.9253508727372404
ETF,AADR,2019-12-17,52.84000015258789,1.9253508727372404
ETF,AADR,2019-12-18,53.15999984741211,1.9253508727372404
ETF,AADR,2019-12-19,53.150001525878906,1.9253508727372404
ETF,AADR,2019-12-20,53.59000015258789,1.9253508727372404
ETF,AADR,2019-12-23,53.720001220703125,1.9253508727372404
ETF,AADR,2019-12-24,54.0,1.9253508727372404
ETF,AADR,2019-12-26,54.29999923706055,1.9253508727372404
ETF,AADR,2019-12-27,54.5099983215332,1.9253508727372404
ETF,AADR,2019-12-30,54.099998474121094,1.9253508727372404
ETF,AADR,2019-12-31,53.88999938964844,1.9253508727372404
ETF,AADR,2020-01-02,54.86000061035156,1.9253508727372404
ETF,AADR,2020-01-03,54.56999969482422,1.9253508727372404
ETF,AADR,2020-01-06,54.349998474121094,1.9253508727372404
ETF,AADR,2020-01-07,54.43000030517578,1.9253508727372404
ETF,AADR,2020-01-08,54.47999954223633,1.9253508727372404
ETF,AADR,2020-01-09,55.0,1.9253508727372404
ETF,AADR,2020-01-10,55.150001525878906,1.9253508727372404
ETF,AADR,2020-01-13,55.11000061035156,1.9253508727372404
ETF,AADR,2020-01-14,55.220001220703125,1.9253508727372404
ETF,AADR,2020-01-15,55.380001068115234,1.9253508727372404
ETF,AADR,2020-01-16,55.689998626708984,1.9253508727372404
ETF,AADR,2020-01-17,55.959999084472656,1.9253508727372404
ETF,AADR,2020-01-21,55.939998626708984,1.9253508727372404
ETF,AADR,2020-01-22,56.150001525878906,1.9253508727372404
ETF,AADR,2020-01-23,55.56999969482422,1.9253508727372404
ETF,AADR,2020-01-24,55.43000030517578,1.9253508727372404
ETF,AADR,2020-01-27,54.369998931884766,1.9253508727372404
ETF,AADR,2020-01-28,54.619998931884766,1.9253508727372404
ETF,AADR,2020-01-29,54.86000061035156,1.9253508727372404
ETF,AADR,2020-01-30,54.220001220703125,1.9253508727372404
ETF,AADR,2020-01-31,53.83000183105469,1.9253508727372404
ETF,AADR,2020-02-03,54.5,1.9253508727372404
ETF,AADR,2020-02-04,55.79999923706055,1.9253508727372404
ETF,AADR,2020-02-05,55.630001068115234,1.9253508727372404
ETF,AADR,2020-02-06,55.709999084472656,1.9253508727372404
ETF,AADR,2020-02-07,55.119998931884766,1.9253508727372404
ETF,AADR,2020-02-10,55.599998474121094,1.9253508727372404
ETF,AADR,2020-02-11,55.880001068115234,1.9253508727372404
ETF,AADR,2020-02-12,56.29999923706055,1.9253508727372404
ETF,AADR,2020-02-13,56.40999984741211,1.9253508727372404
ETF,AADR,2020-02-14,56.470001220703125,1.9253508727372404
ETF,AADR,2020-02-18,56.5099983215332,1.9253508727372404
ETF,AADR,2020-02-19,57.5,1.9253508727372404
ETF,AADR,2020-02-20,56.84000015258789,1.9253508727372404
ETF,AADR,2020-02-21,56.70000076293945,1.9253508727372404
ETF,AADR,2020-02-24,54.529998779296875,1.9253508727372404
ETF,AADR,2020-02-25,52.91999816894531,1.9253508727372404
ETF,AADR,2020-02-26,52.45000076293945,1.9253508727372404
ETF,AADR,2020-02-27,50.63999938964844,1.9253508727372404
ETF,AADR,2020-02-28,49.380001068115234,1.9253508727372404
ETF,AADR,2020-03-02,51.08000183105469,1.9253508727372404
ETF,AADR,2020-03-03,50.75,1.9253508727372404
ETF,AADR,2020-03-04,52.11000061035156,1.9253508727372404
ETF,AADR,2020-03-05,50.90999984741211,1.9253508727372404
ETF,AADR,2020-03-06,49.61000061035156,1.9253508727372404
ETF,AADR,2020-03-09,46.20000076293945,1.9253508727372404
ETF,AADR,2020-03-10,47.4900016784668,1.9253508727372404
ETF,AADR,2020-03-11,45.09000015258789,1.9253508727372404
ETF,AADR,2020-03-12,38.16999816894531,1.9253508727372404
ETF,AADR,2020-03-13,40.900001525878906,1.9253508727372404
ETF,AADR,2020-03-16,37.900001525878906,1.9253508727372404
ETF,AADR,2020-03-17,38.68000030517578,1.9253508727372404
ETF,AADR,2020-03-18,34.40999984741211,1.9253508727372404
ETF,AADR,2020-03-19,35.66999816894531,1.9253508727372404
ETF,AADR,2020-03-20,35.290000915527344,1.9253508727372404
ETF,AADR,2020-03-23,35.15999984741211,1.9253508727372404
ETF,AADR,2020-03-24,38.310001373291016,1.9253508727372404
ETF,AADR,2020-03-25,40.68000030517578,1.9253508727372404
ETF,AADR,2020-03-26,42.09000015258789,1.9253508727372404
ETF,AADR,2020-03-27,40.41999816894531,1.9253508727372404
ETF,AADR,2020-03-30,40.709999084472656,1.9253508727372404
ETF,AADR,2020-03-31,40.34000015258789,1.9253508727372404
ETF,AADR,2020-04-01,39.029998779296875,1.9253508727372404
ETF,AAXJ,2019-03-11,69.4000015258789,5.98987342444186
ETF,AAXJ,2019-03-12,69.79000091552734,5.98987342444186
ETF,AAXJ,2019-03-13,69.69999694824219,5.98987342444186
ETF,AAXJ,2019-03-14,69.36000061035156,5.98987342444186
ETF,AAXJ,2019-03-15,70.33000183105469,5.98987342444186
ETF,AAXJ,2019-03-18,70.95999908447266,5.98987342444186
ETF,AAXJ,2019-03-19,71.08000183105469,5.98987342444186
ETF,AAXJ,2019-03-20,71.05000305175781,5.98987342444186
ETF,AAXJ,2019-03-21,71.30999755859375,5.98987342444186
ETF,AAXJ,2019-03-22,69.55999755859375,5.98987342444186
ETF,AAXJ,2019-03-25,69.61000061035156,5.98987342444186
ETF,AAXJ,2019-03-26,69.80000305175781,5.98987342444186
ETF,AAXJ,2019-03-27,69.41999816894531,5.98987342444186
ETF,AAXJ,2019-03-28,69.94999694824219,5.98987342444186
ETF,AAXJ,2019-03-29,70.69000244140625,5.98987342444186
ETF,AAXJ,2019-04-01,71.70999908447266,5.98987342444186
ETF,AAXJ,2019-04-02,71.58999633789062,5.98987342444186
ETF,AAXJ,2019-04-03,72.2699966430664,5.98987342444186
ETF,AAXJ,2019-04-04,72.61000061035156,5.98987342444186
ETF,AAXJ,2019-04-05,73.16000366210938,5.98987342444186
ETF,AAXJ,2019-04-08,72.97000122070312,5.98987342444186
ETF,AAXJ,2019-04-09,72.94000244140625,5.98987342444186
ETF,AAXJ,2019-04-10,73.13999938964844,5.98987342444186
ETF,AAXJ,2019-04-11,72.44000244140625,5.98987342444186
ETF,AAXJ,2019-04-12,73.19999694824219,5.98987342444186
ETF,AAXJ,2019-04-15,72.5999984741211,5.98987342444186
ETF,AAXJ,2019-04-16,73.0999984741211,5.98987342444186
ETF,AAXJ,2019-04-17,73.4000015258789,5.98987342444186
ETF,AAXJ,2019-04-18,73.26000213623047,5.98987342444186
ETF,AAXJ,2019-04-22,72.70999908447266,5.98987342444186
ETF,AAXJ,2019-04-23,72.94000244140625,5.98987342444186
ETF,AAXJ,2019-04-24,72.11000061035156,5.98987342444186
ETF,AAXJ,2019-04-25,71.88999938964844,5.98987342444186
ETF,AAXJ,2019-04-26,72.12000274658203,5.98987342444186
ETF,AAXJ,2019-04-29,72.4000015258789,5.98987342444186
ETF,AAXJ,2019-04-30,72.26000213623047,5.98987342444186
ETF,AAXJ,2019-05-01,72.0,5.98987342444186
ETF,AAXJ,2019-05-02,72.1500015258789,5.98987342444186
ETF,AAXJ,2019-05-03,73.01000213623047,5.98987342444186
ETF,AAXJ,2019-05-06,71.31999969482422,5.98987342444186
ETF,AAXJ,2019-05-07,69.88999938964844,5.98987342444186
ETF,AAXJ,2019-05-08,69.58000183105469,5.98987342444186
ETF,AAXJ,2019-05-09,68.44999694824219,5.98987342444186
ETF,AAXJ,2019-05-10,68.7699966430664,5.98987342444186
ETF,AAXJ,2019-05-13,66.43000030517578,5.98987342444186
ETF,AAXJ,2019-05-14,67.41000366210938,5.98987342444186
ETF,AAXJ,2019-05-15,67.80000305175781,5.98987342444186
ETF,AAXJ,2019-05-16,67.56999969482422,5.98987342444186
ETF,AAXJ,2019-05-17,66.37999725341797,5.98987342444186
ETF,AAXJ,2019-05-20,65.76000213623047,5.98987342444186
ETF,AAXJ,2019-05-21,66.4800033569336,5.98987342444186
ETF,AAXJ,2019-05-22,66.2300033569336,5.98987342444186
ETF,AAXJ,2019-05-23,65.3499984741211,5.98987342444186
ETF,AAXJ,2019-05-24,65.43000030517578,5.98987342444186
ETF,AAXJ,2019-05-28,65.55999755859375,5.98987342444186
ETF,AAXJ,2019-05-29,65.6500015258789,5.98987342444186
ETF,AAXJ,2019-05-30,65.7699966430664,5.98987342444186
ETF,AAXJ,2019-05-31,65.83000183105469,5.98987342444186
ETF,AAXJ,2019-06-03,66.37000274658203,5.98987342444186
ETF,AAXJ,2019-06-04,66.5,5.98987342444186
ETF,AAXJ,2019-06-05,66.16999816894531,5.98987342444186
ETF,AAXJ,2019-06-06,66.22000122070312,5.98987342444186
ETF,AAXJ,2019-06-07,66.70999908447266,5.98987342444186
ETF,AAXJ,2019-06-10,67.3499984741211,5.98987342444186
ETF,AAXJ,2019-06-11,68.08000183105469,5.98987342444186
ETF,AAXJ,2019-06-12,67.1500015258789,5.98987342444186
ETF,AAXJ,2019-06-13,67.12000274658203,5.98987342444186
ETF,AAXJ,2019-06-14,66.45999908447266,5.98987342444186
ETF,AAXJ,2019-06-17,66.25,5.98987342444186
ETF,AAXJ,2019-06-18,67.97000122070312,5.98987342444186
ETF,AAXJ,2019-06-19,68.56999969482422,5.98987342444186
ETF,AAXJ,2019-06-20,69.66000366210938,5.98987342444186
ETF,AAXJ,2019-06-21,69.2699966430664,5.98987342444186
ETF,AAXJ,2019-06-24,69.31999969482422,5.98987342444186
ETF,AAXJ,2019-06-25,68.6500015258789,5.98987342444186
ETF,AAXJ,2019-06-26,69.26000213623047,5.98987342444186
ETF,AAXJ,2019-06-27,69.95999908447266,5.98987342444186
ETF,AAXJ,2019-06-28,69.79000091552734,5.98987342444186
ETF,AAXJ,2019-07-01,70.73999786376953,5.98987342444186
ETF,AAXJ,2019-07-02,70.7699966430664,5.98987342444186
ETF,AAXJ,2019-07-03,70.44999694824219,5.98987342444186
ETF,AAXJ,2019-07-05,69.87999725341797,5.98987342444186
ETF,AAXJ,2019-07-08,69.12999725341797,5.98987342444186
ETF,AAXJ,2019-07-09,68.88999938964844,5.98987342444186
ETF,AAXJ,2019-07-10,69.30000305175781,5.98987342444186
ETF,AAXJ,2019-07-11,69.29000091552734,5.98987342444186
ETF,AAXJ,2019-07-12,69.37999725341797,5.98987342444186
ETF,AAXJ,2019-07-15,69.81999969482422,5.98987342444186
ETF,AAXJ,2019-07-16,69.66999816894531,5.98987342444186
ETF,AAXJ,2019-07-17,69.5,5.98987342444186
ETF,AAXJ,2019-07-18,69.87000274658203,5.98987342444186
ETF,AAXJ,2019-07-19,69.66999816894531,5.98987342444186
ETF,AAXJ,2019-07-22,69.7300033569336,5.98987342444186
ETF,AAXJ,2019-07-23,69.94000244140625,5.98987342444186
ETF,AAXJ,2019-07-24,70.05000305175781,5.98987342444186
ETF,AAXJ,2019-07-25,69.54000091552734,5.98987342444186
ETF,AAXJ,2019-07-26,69.5,5.98987342444186
ETF,AAXJ,2019-07-29,69.12000274658203,5.98987342444186
ETF,AAXJ,2019-07-30,68.66999816894531,5.98987342444186
ETF,AAXJ,2019-07-31,67.86000061035156,5.98987342444186
ETF,AAXJ,2019-08-01,66.45999908447266,5.98987342444186
ETF,AAXJ,2019-08-02,65.6500015258789,5.98987342444186
ETF,AAXJ,2019-08-05,63.060001373291016,5.98987342444186
ETF,AAXJ,2019-08-06,63.91999816894531,5.98987342444186
ETF,AAXJ,2019-08-07,64.1500015258789,5.98987342444186
ETF,AAXJ,2019-08-08,64.9800033569336,5.98987342444186
ETF,AAXJ,2019-08-09,64.29000091552734,5.98987342444186
ETF,AAXJ,2019-08-12,63.4900016784668,5.98987342444186
ETF,AAXJ,2019-08-13,64.4800033569336,5.98987342444186
ETF,AAXJ,2019-08-14,62.7400016784668,5.98987342444186
ETF,AAXJ,2019-08-15,63.400001525878906,5.98987342444186
ETF,AAXJ,2019-08-16,64.5,5.98987342444186
ETF,AAXJ,2019-08-19,65.12999725341797,5.98987342444186
ETF,AAXJ,2019-08-20,65.22000122070312,5.98987342444186
ETF,AAXJ,2019-08-21,65.55000305175781,5.98987342444186
ETF,AAXJ,2019-08-22,64.66000366210938,5.98987342444186
ETF,AAXJ,2019-08-23,63.77000045776367,5.98987342444186
ETF,AAXJ,2019-08-26,64.30999755859375,5.98987342444186
ETF,AAXJ,2019-08-27,64.4000015258789,5.98987342444186
ETF,AAXJ,2019-08-28,64.4800033569336,5.98987342444186
ETF,AAXJ,2019-08-29,65.08999633789062,5.98987342444186
ETF,AAXJ,2019-08-30,65.27999877929688,5.98987342444186
ETF,AAXJ,2019-09-03,64.72000122070312,5.98987342444186
ETF,AAXJ,2019-09-04,66.13999938964844,5.98987342444186
ETF,AAXJ,2019-09-05,66.9000015258789,5.98987342444186
ETF,AAXJ,2019-09-06,67.19000244140625,5.98987342444186
ETF,AAXJ,2019-09-09,67.45999908447266,5.98987342444186
ETF,AAXJ,2019-09-10,67.5,5.98987342444186
ETF,AAXJ,2019-09-11,67.97000122070312,5.98987342444186
ETF,AAXJ,2019-09-12,68.44999694824219,5.98987342444186
ETF,AAXJ,2019-09-13,68.91999816894531,5.98987342444186
ETF,AAXJ,2019-09-16,68.11000061035156,5.98987342444186
ETF,AAXJ,2019-09-17,68.05000305175781,5.98987342444186
ETF,AAXJ,2019-09-18,67.91000366210938,5.98987342444186
ETF,AAXJ,2019-09-19,67.55000305175781,5.98987342444186
ETF,AAXJ,2019-09-20,67.5,5.98987342444186
ETF,AAXJ,2019-09-23,67.5999984741211,5.98987342444186
ETF,AAXJ,2019-09-24,66.9800033569336,5.98987342444186
ETF,AAXJ,2019-09-25,66.91000366210938,5.98987342444186
ETF,AAXJ,2019-09-26,66.83000183105469,5.98987342444186
ETF,AAXJ,2019-09-27,65.87999725341797,5.98987342444186
ETF,AAXJ,2019-09-30,66.31999969482422,5.98987342444186
ETF,AAXJ,2019-10-01,65.94999694824219,5.98987342444186
ETF,AAXJ,2019-10-02,65.63999938964844,5.98987342444186
ETF,AAXJ,2019-10-03,66.4000015258789,5.98987342444186
ETF,AAXJ,2019-10-04,66.43000030517578,5.98987342444186
ETF,AAXJ,2019-10-17,68.70999908447266,5.98987342444186
ETF,AAXJ,2019-10-18,68.11000061035156,5.98987342444186
ETF,AAXJ,2019-10-21,68.79000091552734,5.98987342444186
ETF,AAXJ,2019-10-22,68.68000030517578,5.98987342444186
ETF,AAXJ,2019-10-23,68.58000183105469,5.98987342444186
ETF,AAXJ,2019-10-24,68.70999908447266,5.98987342444186
ETF,AAXJ,2019-10-25,69.12000274658203,5.98987342444186
ETF,AAXJ,2019-10-28,69.6500015258789,5.98987342444186
ETF,AAXJ,2019-10-29,69.30999755859375,5.98987342444186
ETF,AAXJ,2019-10-30,69.54000091552734,5.98987342444186
ETF,AAXJ,2019-10-31,69.30000305175781,5.98987342444186
ETF,AAXJ,2019-11-01,70.2699966430664,5.98987342444186
ETF,AAXJ,2019-11-04,71.0999984741211,5.98987342444186
ETF,AAXJ,2019-11-05,71.56999969482422,5.98987342444186
ETF,AAXJ,2019-11-06,71.55000305175781,5.98987342444186
ETF,AAXJ,2019-11-07,72.01000213623047,5.98987342444186
ETF,AAXJ,2019-11-08,71.63999938964844,5.98987342444186
ETF,AAXJ,2019-11-11,70.81999969482422,5.98987342444186
ETF,AAXJ,2019-11-12,70.47000122070312,5.98987342444186
ETF,AAXJ,2019-11-13,69.80000305175781,5.98987342444186
ETF,AAXJ,2019-11-14,69.66999816894531,5.98987342444186
ETF,AAXJ,2019-11-15,70.0999984741211,5.98987342444186
ETF,AAXJ,2019-11-18,70.20999908447266,5.98987342444186
ETF,AAXJ,2019-11-19,70.56999969482422,5.98987342444186
ETF,AAXJ,2019-11-20,70.02999877929688,5.98987342444186
ETF,AAXJ,2019-11-21,69.81999969482422,5.98987342444186
ETF,AAXJ,2019-11-22,69.80000305175781,5.98987342444186
ETF,AAXJ,2019-11-25,70.80000305175781,5.98987342444186
ETF,AAXJ,2019-11-26,70.80999755859375,5.98987342444186
ETF,AAXJ,2019-11-27,70.87999725341797,5.98987342444186
ETF,AAXJ,2019-11-29,69.6500015258789,5.98987342444186
ETF,AAXJ,2019-12-02,69.44000244140625,5.98987342444186
ETF,AAXJ,2019-12-03,69.0,5.98987342444186
ETF,AAXJ,2019-12-04,69.43000030517578,5.98987342444186
ETF,AAXJ,2019-12-05,69.70999908447266,5.98987342444186
ETF,AAXJ,2019-12-06,70.23999786376953,5.98987342444186
ETF,AAXJ,2019-12-09,69.81999969482422,5.98987342444186
ETF,AAXJ,2019-12-10,70.12999725341797,5.98987342444186
ETF,AAXJ,2019-12-11,70.91999816894531,5.98987342444186
ETF,AAXJ,2019-12-12,72.4000015258789,5.98987342444186
ETF,AAXJ,2019-12-13,72.41999816894531,5.98987342444186
ETF,AAXJ,2019-12-16,72.0199966430664,5.98987342444186
ETF,AAXJ,2019-12-17,72.61000061035156,5.98987342444186
ETF,AAXJ,2019-12-18,72.94999694824219,5.98987342444186
ETF,AAXJ,2019-12-19,72.7699966430664,5.98987342444186
ETF,AAXJ,2019-12-20,73.0,5.98987342444186
ETF,AAXJ,2019-12-23,73.02999877929688,5.98987342444186
ETF,AAXJ,2019-12-24,72.80999755859375,5.98987342444186
ETF,AAXJ,2019-12-26,73.26000213623047,5.98987342444186
ETF,AAXJ,2019-12-27,73.69999694824219,5.98987342444186
ETF,AAXJ,2019-12-30,73.26000213623047,5.98987342444186
ETF,AAXJ,2019-12-31,73.5,5.98987342444186
ETF,AAXJ,2020-01-02,74.91000366210938,5.98987342444186
ETF,AAXJ,2020-01-03,73.72000122070312,5.98987342444186
ETF,AAXJ,2020-01-06,73.41999816894531,5.98987342444186
ETF,AAXJ,2020-01-07,73.68000030517578,5.98987342444186
ETF,AAXJ,2020-01-08,73.83999633789062,5.98987342444186
ETF,AAXJ,2020-01-09,74.58000183105469,5.98987342444186
ETF,AAXJ,2020-01-10,75.05000305175781,5.98987342444186
ETF,AAXJ,2020-01-13,76.3499984741211,5.98987342444186
ETF,AAXJ,2020-01-14,75.94000244140625,5.98987342444186
ETF,AAXJ,2020-01-15,75.44999694824219,5.98987342444186
ETF,AAXJ,2020-01-16,75.8499984741211,5.98987342444186
ETF,AAXJ,2020-01-17,76.2300033569336,5.98987342444186
ETF,AAXJ,2020-01-21,74.18000030517578,5.98987342444186
ETF,AAXJ,2020-01-22,74.55000305175781,5.98987342444186
ETF,AAXJ,2020-01-23,73.79000091552734,5.98987342444186
ETF,AAXJ,2020-01-24,73.16999816894531,5.98987342444186
ETF,AAXJ,2020-01-27,70.68000030517578,5.98987342444186
ETF,AAXJ,2020-01-28,71.0999984741211,5.98987342444186
ETF,AAXJ,2020-01-29,71.52999877929688,5.98987342444186
ETF,AAXJ,2020-01-30,70.37000274658203,5.98987342444186
ETF,AAXJ,2020-01-31,68.87000274658203,5.98987342444186
ETF,AAXJ,2020-02-03,69.66999816894531,5.98987342444186
ETF,AAXJ,2020-02-04,71.72000122070312,5.98987342444186
ETF,AAXJ,2020-02-05,72.0,5.98987342444186
ETF,AAXJ,2020-02-06,72.44999694824219,5.98987342444186
ETF,AAXJ,2020-02-07,71.4000015258789,5.98987342444186
ETF,AAXJ,2020-02-10,72.16999816894531,5.98987342444186
ETF,AAXJ,2020-02-11,72.94000244140625,5.98987342444186
ETF,AAXJ,2020-02-12,73.98999786376953,5.98987342444186
ETF,AAXJ,2020-02-13,73.08000183105469,5.98987342444186
ETF,AAXJ,2020-02-14,73.11000061035156,5.98987342444186
ETF,AAXJ,2020-02-18,72.58000183105469,5.98987342444186
ETF,AAXJ,2020-02-19,73.08000183105469,5.98987342444186
ETF,AAXJ,2020-02-20,71.83999633789062,5.98987342444186
ETF,AAXJ,2020-02-21,71.47000122070312,5.98987342444186
ETF,AAXJ,2020-02-24,68.9800033569336,5.98987342444186
ETF,AAXJ,2020-02-25,68.77999877929688,5.98987342444186
ETF,AAXJ,2020-02-26,69.3499984741211,5.98987342444186
ETF,AAXJ,2020-02-27,68.27999877929688,5.98987342444186
ETF,AAXJ,2020-02-28,68.33999633789062,5.98987342444186
ETF,AAXJ,2020-03-02,69.30999755859375,5.98987342444186
ETF,AAXJ,2020-03-03,68.88999938964844,5.98987342444186
ETF,AAXJ,2020-03-04,70.06999969482422,5.98987342444186
ETF,AAXJ,2020-03-05,69.0,5.98987342444186
ETF,AAXJ,2020-03-06,68.08999633789062,5.98987342444186
ETF,AAXJ,2020-03-09,64.79000091552734,5.98987342444186
ETF,AAXJ,2020-03-10,67.29000091552734,5.98987342444186
ETF,AAXJ,2020-03-11,64.62000274658203,5.98987342444186
ETF,AAXJ,2020-03-12,58.83000183105469,5.98987342444186
ETF,AAXJ,2020-03-13,62.52000045776367,5.98987342444186
ETF,AAXJ,2020-03-16,55.40999984741211,5.98987342444186
ETF,AAXJ,2020-03-17,58.560001373291016,5.98987342444186
ETF,AAXJ,2020-03-18,54.599998474121094,5.98987342444186
ETF,AAXJ,2020-03-19,54.0099983215332,5.98987342444186
ETF,AAXJ,2020-03-20,55.0,5.98987342444186
ETF,AAXJ,2020-03-23,53.810001373291016,5.98987342444186
ETF,AAXJ,2020-03-24,57.54999923706055,5.98987342444186
ETF,AAXJ,2020-03-25,59.38999938964844,5.98987342444186
ETF,AAXJ,2020-03-26,61.349998474121094,5.98987342444186
ETF,AAXJ,2020-03-27,58.290000915527344,5.98987342444186
ETF,AAXJ,2020-03-30,59.43000030517578,5.98987342444186
ETF,AAXJ,2020-03-31,59.720001220703125,5.98987342444186
ETF,AAXJ,2020-04-01,57.06999969482422,5.98987342444186
Stock,A,2019-03-11,79.30000305175781,8.371464578627583
Stock,A,2019-03-12,79.93000030517578,8.371464578627583
Stock,A,2019-03-13,80.12999725341797,8.371464578627583
Stock,A,2019-03-14,80.61000061035156,8.371464578627583
Stock,A,2019-03-15,81.0999984741211,8.371464578627583
Stock,A,2019-03-18,80.97000122070312,8.371464578627583
Stock,A,2019-03-19,81.19999694824219,8.371464578627583
Stock,A,2019-03-20,80.91999816894531,8.371464578627583
Stock,A,2019-03-21,82.0,8.371464578627583
Stock,A,2019-03-22,78.98999786376953,8.371464578627583
Stock,A,2019-03-25,79.5199966430664,8.371464578627583
Stock,A,2019-03-26,80.6500015258789,8.371464578627583
Stock,A,2019-03-27,79.0,8.371464578627583
Stock,A,2019-03-28,79.69999694824219,8.371464578627583
Stock,A,2019-03-29,80.37999725341797,8.371464578627583
Stock,A,2019-04-01,81.55999755859375,8.371464578627583
Stock,A,2019-04-02,81.13999938964844,8.371464578627583
Stock,A,2019-04-03,81.94000244140625,8.371464578627583
Stock,A,2019-04-04,80.83000183105469,8.371464578627583
Stock,A,2019-04-05,81.47000122070312,8.371464578627583
Stock,A,2019-04-08,81.69000244140625,8.371464578627583
Stock,A,2019-04-09,81.41999816894531,8.371464578627583
Stock,A,2019-04-10,81.68000030517578,8.371464578627583
Stock,A,2019-04-11,81.08000183105469,8.371464578627583
Stock,A,2019-04-12,80.9800033569336,8.371464578627583
Stock,A,2019-04-15,80.4000015258789,8.371464578627583
Stock,A,2019-04-16,77.55000305175781,8.371464578627583
Stock,A,2019-04-17,75.43000030517578,8.371464578627583
Stock,A,2019-04-18,76.16999816894531,8.371464578627583
Stock,A,2019-04-22,75.56999969482422,8.371464578627583
Stock,A,2019-04-23,75.55999755859375,8.371464578627583
Stock,A,2019-04-24,75.79000091552734,8.371464578627583
Stock,A,2019-04-25,76.72000122070312,8.371464578627583
Stock,A,2019-04-26,77.41999816894531,8.371464578627583
Stock,A,2019-04-29,77.33000183105469,8.371464578627583
Stock,A,2019-04-30,78.5,8.371464578627583
Stock,A,2019-05-01,77.47000122070312,8.371464578627583
Stock,A,2019-05-02,78.19999694824219,8.371464578627583
Stock,A,2019-05-03,79.29000091552734,8.371464578627583
Stock,A,2019-05-06,79.3499984741211,8.371464578627583
Stock,A,2019-05-07,76.66999816894531,8.371464578627583
Stock,A,2019-05-08,76.61000061035156,8.371464578627583
Stock,A,2019-05-09,77.0,8.371464578627583
Stock,A,2019-05-10,77.0999984741211,8.371464578627583
Stock,A,2019-05-13,73.83999633789062,8.371464578627583
Stock,A,2019-05-14,76.01000213623047,8.371464578627583
Stock,A,2019-05-15,67.63999938964844,8.371464578627583
Stock,A,2019-05-16,69.30000305175781,8.371464578627583
Stock,A,2019-05-17,69.11000061035156,8.371464578627583
Stock,A,2019-05-20,68.93000030517578,8.371464578627583
Stock,A,2019-05-21,68.31999969482422,8.371464578627583
Stock,A,2019-05-22,67.97000122070312,8.371464578627583
Stock,A,2019-05-23,67.69999694824219,8.371464578627583
Stock,A,2019-05-24,68.36000061035156,8.371464578627583
Stock,A,2019-05-28,67.08000183105469,8.371464578627583
Stock,A,2019-05-29,67.30000305175781,8.371464578627583
Stock,A,2019-05-30,66.88999938964844,8.371464578627583
Stock,A,2019-05-31,67.05000305175781,8.371464578627583
Stock,A,2019-06-03,66.98999786376953,8.371464578627583
Stock,A,2019-06-04,67.94999694824219,8.371464578627583
Stock,A,2019-06-05,68.3499984741211,8.371464578627583
Stock,A,2019-06-06,69.16000366210938,8.371464578627583
Stock,A,2019-06-07,69.5199966430664,8.371464578627583
Stock,A,2019-06-10,70.29000091552734,8.371464578627583
Stock,A,2019-06-11,70.08999633789062,8.371464578627583
Stock,A,2019-06-12,70.29000091552734,8.371464578627583
Stock,A,2019-06-13,70.30000305175781,8.371464578627583
Stock,A,2019-06-14,69.97000122070312,8.371464578627583
Stock,A,2019-06-17,70.29000091552734,8.371464578627583
Stock,A,2019-06-18,71.91000366210938,8.371464578627583
Stock,A,2019-06-19,72.6500015258789,8.371464578627583
Stock,A,2019-06-20,73.31999969482422,8.371464578627583
Stock,A,2019-06-21,73.33999633789062,8.371464578627583
Stock,A,2019-06-24,73.13999938964844,8.371464578627583
Stock,A,2019-06-25,72.51000213623047,8.371464578627583
Stock,A,2019-06-26,72.13999938964844,8.371464578627583
Stock,A,2019-06-27,73.19000244140625,8.371464578627583
Stock,A,2019-06-28,74.66999816894531,8.371464578627583
Stock,A,2019-07-01,75.77999877929688,8.371464578627583
Stock,A,2019-07-02,75.61000061035156,8.371464578627583
Stock,A,2019-07-03,76.80000305175781,8.371464578627583
Stock,A,2019-07-05,75.75,8.371464578627583
Stock,A,2019-07-08,73.83999633789062,8.371464578627583
Stock,A,2019-07-09,73.44999694824219,8.371464578627583
Stock,A,2019-07-10,73.37000274658203,8.371464578627583
Stock,A,2019-07-11,71.73999786376953,8.371464578627583
Stock,A,2019-07-12,71.6500015258789,8.371464578627583
Stock,A,2019-07-15,70.55000305175781,8.371464578627583
Stock,A,2019-07-16,69.94999694824219,8.371464578627583
Stock,A,2019-07-17,69.58999633789062,8.371464578627583
Stock,A,2019-07-18,70.12999725341797,8.371464578627583
Stock,A,2019-07-19,68.69999694824219,8.371464578627583
Stock,A,2019-07-22,69.08999633789062,8.371464578627583
Stock,A,2019-07-23,69.88999938964844,8.371464578627583
Stock,A,2019-07-24,69.58000183105469,8.371464578627583
Stock,A,2019-07-25,69.8499984741211,8.371464578627583
Stock,A,2019-07-26,69.5,8.371464578627583
Stock,A,2019-07-29,70.37000274658203,8.371464578627583
Stock,A,2019-07-30,70.1500015258789,8.371464578627583
Stock,A,2019-07-31,69.41000366210938,8.371464578627583
Stock,A,2019-08-01,69.20999908447266,8.371464578627583
Stock,A,2019-08-02,68.08000183105469,8.371464578627583
Stock,A,2019-08-05,65.86000061035156,8.371464578627583
Stock,A,2019-08-06,67.66000366210938,8.371464578627583
Stock,A,2019-08-07,67.97000122070312,8.371464578627583
Stock,A,2019-08-08,69.48999786376953,8.371464578627583
Stock,A,2019-08-09,68.63999938964844,8.371464578627583
Stock,A,2019-08-12,66.62999725341797,8.371464578627583
Stock,A,2019-08-13,67.63999938964844,8.371464578627583
Stock,A,2019-08-14,65.58999633789062,8.371464578627583
Stock,A,2019-08-15,69.58999633789062,8.371464578627583
Stock,A,2019-08-16,71.08000183105469,8.371464578627583
Stock,A,2019-08-19,71.75,8.371464578627583
Stock,A,2019-08-20,71.12000274658203,8.371464578627583
Stock,A,2019-08-21,72.19999694824219,8.371464578627583
Stock,A,2019-08-22,71.73999786376953,8.371464578627583
Stock,A,2019-08-23,69.55000305175781,8.371464578627583
Stock,A,2019-08-26,69.63999938964844,8.371464578627583
Stock,A,2019-08-27,69.4800033569336,8.371464578627583
Stock,A,2019-08-28,69.94000244140625,8.371464578627583
Stock,A,2019-08-29,70.69999694824219,8.371464578627583
Stock,A,2019-08-30,71.11000061035156,8.371464578627583
Stock,A,2019-09-03,70.41000366210938,8.371464578627583
Stock,A,2019-09-04,70.86000061035156,8.371464578627583
Stock,A,2019-09-05,73.5199966430664,8.371464578627583
Stock,A,2019-09-06,74.27999877929688,8.371464578627583
Stock,A,2019-09-09,74.18000030517578,8.371464578627583
Stock,A,2019-09-10,74.7699966430664,8.371464578627583
Stock,A,2019-09-11,76.98999786376953,8.371464578627583
Stock,A,2019-09-12,77.56999969482422,8.371464578627583
Stock,A,2019-09-13,77.9000015258789,8.371464578627583
Stock,A,2019-09-16,77.1500015258789,8.371464578627583
Stock,A,2019-09-17,76.4000015258789,8.371464578627583
Stock,A,2019-09-18,77.56999969482422,8.371464578627583
Stock,A,2019-09-19,78.06999969482422,8.371464578627583
Stock,A,2019-09-20,77.97000122070312,8.371464578627583
Stock,A,2019-09-23,78.05999755859375,8.371464578627583
Stock,A,2019-09-24,75.97000122070312,8.371464578627583
Stock,A,2019-09-25,76.33000183105469,8.371464578627583
Stock,A,2019-09-26,76.5199966430664,8.371464578627583
Stock,A,2019-09-27,76.38999938964844,8.371464578627583
Stock,A,2019-09-30,76.62999725341797,8.371464578627583
Stock,A,2019-10-01,74.83999633789062,8.371464578627583
Stock,A,2019-10-02,73.3499984741211,8.371464578627583
Stock,A,2019-10-03,73.87000274658203,8.371464578627583
Stock,A,2019-10-04,75.87999725341797,8.371464578627583
Stock,A,2019-10-17,74.91999816894531,8.371464578627583
Stock,A,2019-10-18,74.56999969482422,8.371464578627583
Stock,A,2019-10-21,75.4800033569336,8.371464578627583
Stock,A,2019-10-22,74.69000244140625,8.371464578627583
Stock,A,2019-10-23,74.9800033569336,8.371464578627583
Stock,A,2019-10-24,75.0,8.371464578627583
Stock,A,2019-10-25,75.38999938964844,8.371464578627583
Stock,A,2019-10-28,76.1500015258789,8.371464578627583
Stock,A,2019-10-29,76.16999816894531,8.371464578627583
Stock,A,2019-10-30,76.12000274658203,8.371464578627583
Stock,A,2019-10-31,75.75,8.371464578627583
Stock,A,2019-11-01,76.97000122070312,8.371464578627583
Stock,A,2019-11-04,76.73999786376953,8.371464578627583
Stock,A,2019-11-05,75.55000305175781,8.371464578627583
Stock,A,2019-11-06,75.79000091552734,8.371464578627583
Stock,A,2019-11-07,75.91000366210938,8.371464578627583
Stock,A,2019-11-08,76.63999938964844,8.371464578627583
Stock,A,2019-11-11,76.8499984741211,8.371464578627583
Stock,A,2019-11-12,77.05000305175781,8.371464578627583
Stock,A,2019-11-13,77.16000366210938,8.371464578627583
Stock,A,2019-11-14,76.76000213623047,8.371464578627583
Stock,A,2019-11-15,78.26000213623047,8.371464578627583
Stock,A,2019-11-18,77.94000244140625,8.371464578627583
Stock,A,2019-11-19,79.29000091552734,8.371464578627583
Stock,A,2019-11-20,78.5199966430664,8.371464578627583
Stock,A,2019-11-21,78.30000305175781,8.371464578627583
Stock,A,2019-11-22,79.12000274658203,8.371464578627583
Stock,A,2019-11-25,80.26000213623047,8.371464578627583
Stock,A,2019-11-26,80.94999694824219,8.371464578627583
Stock,A,2019-11-27,81.08000183105469,8.371464578627583
Stock,A,2019-11-29,80.7699966430664,8.371464578627583
Stock,A,2019-12-02,80.3499984741211,8.371464578627583
Stock,A,2019-12-03,80.0999984741211,8.371464578627583
Stock,A,2019-12-04,80.93000030517578,8.371464578627583
Stock,A,2019-12-05,81.52999877929688,8.371464578627583
Stock,A,2019-12-06,82.20999908447266,8.371464578627583
Stock,A,2019-12-09,81.62000274658203,8.371464578627583
Stock,A,2019-12-10,82.93000030517578,8.371464578627583
Stock,A,2019-12-11,83.41999816894531,8.371464578627583
Stock,A,2019-12-12,84.80999755859375,8.371464578627583
Stock,A,2019-12-13,83.70999908447266,8.371464578627583
Stock,A,2019-12-16,84.44999694824219,8.371464578627583
Stock,A,2019-12-17,83.94999694824219,8.371464578627583
Stock,A,2019-12-18,83.43000030517578,8.371464578627583
Stock,A,2019-12-19,84.51000213623047,8.371464578627583
Stock,A,2019-12-20,85.19000244140625,8.371464578627583
Stock,A,2019-12-23,85.26000213623047,8.371464578627583
Stock,A,2019-12-24,85.30000305175781,8.371464578627583
Stock,A,2019-12-26,85.44999694824219,8.371464578627583
Stock,A,2019-12-27,85.41999816894531,8.371464578627583
Stock,A,2019-12-30,84.9000015258789,8.371464578627583
Stock,A,2019-12-31,85.30999755859375,8.371464578627583
Stock,A,2020-01-02,85.94999694824219,8.371464578627583
Stock,A,2020-01-03,84.56999969482422,8.371464578627583
Stock,A,2020-01-06,84.81999969482422,8.371464578627583
Stock,A,2020-01-07,85.08000183105469,8.371464578627583
Stock,A,2020-01-08,85.91999816894531,8.371464578627583
Stock,A,2020-01-09,87.2699966430664,8.371464578627583
Stock,A,2020-01-10,87.58999633789062,8.371464578627583
Stock,A,2020-01-13,87.45999908447266,8.371464578627583
Stock,A,2020-01-14,87.98999786376953,8.371464578627583
Stock,A,2020-01-15,88.62000274658203,8.371464578627583
Stock,A,2020-01-16,89.45999908447266,8.371464578627583
Stock,A,2020-01-17,90.12000274658203,8.371464578627583
Stock,A,2020-01-21,89.61000061035156,8.371464578627583
Stock,A,2020-01-22,90.12999725341797,8.371464578627583
Stock,A,2020-01-23,89.06999969482422,8.371464578627583
Stock,A,2020-01-24,88.26000213623047,8.371464578627583
Stock,A,2020-01-27,86.55999755859375,8.371464578627583
Stock,A,2020-01-28,87.18000030517578,8.371464578627583
Stock,A,2020-01-29,87.23999786376953,8.371464578627583
Stock,A,2020-01-30,84.37999725341797,8.371464578627583
Stock,A,2020-01-31,82.55999755859375,8.371464578627583
Stock,A,2020-02-03,82.1500015258789,8.371464578627583
Stock,A,2020-02-04,83.5199966430664,8.371464578627583
Stock,A,2020-02-05,84.93000030517578,8.371464578627583
Stock,A,2020-02-06,84.81999969482422,8.371464578627583
Stock,A,2020-02-07,83.16999816894531,8.371464578627583
Stock,A,2020-02-10,84.43000030517578,8.371464578627583
Stock,A,2020-02-11,85.08999633789062,8.371464578627583
Stock,A,2020-02-12,85.43000030517578,8.371464578627583
Stock,A,2020-02-13,85.47000122070312,8.371464578627583
Stock,A,2020-02-14,85.81999969482422,8.371464578627583
Stock,A,2020-02-18,84.79000091552734,8.371464578627583
Stock,A,2020-02-19,85.3499984741211,8.371464578627583
Stock,A,2020-02-20,84.33999633789062,8.371464578627583
Stock,A,2020-02-21,85.06999969482422,8.371464578627583
Stock,A,2020-02-24,80.5,8.371464578627583
Stock,A,2020-02-25,77.94999694824219,8.371464578627583
Stock,A,2020-02-26,78.11000061035156,8.371464578627583
Stock,A,2020-02-27,77.43000030517578,8.371464578627583
Stock,A,2020-02-28,77.06999969482422,8.371464578627583
Stock,A,2020-03-02,81.97000122070312,8.371464578627583
Stock,A,2020-03-03,80.31999969482422,8.371464578627583
Stock,A,2020-03-04,84.3499984741211,8.371464578627583
Stock,A,2020-03-05,80.45999908447266,8.371464578627583
Stock,A,2020-03-06,78.55999755859375,8.371464578627583
Stock,A,2020-03-09,70.75,8.371464578627583
Stock,A,2020-03-10,72.91000366210938,8.371464578627583
Stock,A,2020-03-11,68.83999633789062,8.371464578627583
Stock,A,2020-03-12,63.41999816894531,8.371464578627583
Stock,A,2020-03-13,69.19999694824219,8.371464578627583
Stock,A,2020-03-16,64.12999725341797,8.371464578627583
Stock,A,2020-03-17,70.44000244140625,8.371464578627583
Stock,A,2020-03-18,68.87000274658203,8.371464578627583
Stock,A,2020-03-19,65.76000213623047,8.371464578627583
Stock,A,2020-03-20,66.45999908447266,8.371464578627583
Stock,A,2020-03-23,63.369998931884766,8.371464578627583
Stock,A,2020-03-24,67.0,8.371464578627583
Stock,A,2020-03-25,69.0,8.371464578627583
Stock,A,2020-03-26,73.72000122070312,8.371464578627583
Stock,A,2020-03-27,70.91000366210938,8.371464578627583
Stock,A,2020-03-30,72.66999816894531,8.371464578627583
Stock,A,2020-03-31,71.62000274658203,8.371464578627583
Stock,A,2020-04-01,68.91999816894531,8.371464578627583
Stock,AA,2019-03-11,27.520000457763672,1.5827342907660336
Stock,AA,2019-03-12,28.440000534057617,1.5827342907660336
Stock,AA,2019-03-13,28.979999542236328,1.5827342907660336
Stock,AA,2019-03-14,27.889999389648438,1.5827342907660336
Stock,AA,2019-03-15,27.84000015258789,1.5827342907660336
Stock,AA,2019-03-18,28.639999389648438,1.5827342907660336
Stock,AA,2019-03-19,28.6200008392334,1.5827342907660336
Stock,AA,2019-03-20,28.790000915527344,1.5827342907660336
Stock,AA,2019-03-21,29.40999984741211,1.5827342907660336
Stock,AA,2019-03-22,28.1200008392334,1.5827342907660336
Stock,AA,2019-03-25,28.020000457763672,1.5827342907660336
Stock,AA,2019-03-26,27.540000915527344,1.5827342907660336
Stock,AA,2019-03-27,27.90999984741211,1.5827342907660336
Stock,AA,2019-03-28,27.989999771118164,1.5827342907660336
Stock,AA,2019-03-29,28.15999984741211,1.5827342907660336
Stock,AA,2019-04-01,29.459999084472656,1.5827342907660336
Stock,AA,2019-04-02,28.540000915527344,1.5827342907660336
Stock,AA,2019-04-03,28.690000534057617,1.5827342907660336
Stock,AA,2019-04-04,29.290000915527344,1.5827342907660336
Stock,AA,2019-04-05,29.549999237060547,1.5827342907660336
Stock,AA,2019-04-08,29.65999984741211,1.5827342907660336
Stock,AA,2019-04-09,29.100000381469727,1.5827342907660336
Stock,AA,2019-04-10,29.149999618530273,1.5827342907660336
Stock,AA,2019-04-11,28.489999771118164,1.5827342907660336
Stock,AA,2019-04-12,28.290000915527344,1.5827342907660336
Stock,AA,2019-04-15,27.739999771118164,1.5827342907660336
Stock,AA,2019-04-16,27.719999313354492,1.5827342907660336
Stock,AA,2019-04-17,27.719999313354492,1.5827342907660336
Stock,AA,2019-04-18,26.65999984741211,1.5827342907660336
Stock,AA,2019-04-22,28.139999389648438,1.5827342907660336
Stock,AA,2019-04-23,28.530000686645508,1.5827342907660336
Stock,AA,2019-04-24,28.1200008392334,1.5827342907660336
Stock,AA,2019-04-25,27.110000610351562,1.5827342907660336
Stock,AA,2019-04-26,26.90999984741211,1.5827342907660336
Stock,AA,2019-04-29,26.850000381469727,1.5827342907660336
Stock,AA,2019-04-30,26.68000030517578,1.5827342907660336
Stock,AA,2019-05-01,26.0,1.5827342907660336
Stock,AA,2019-05-02,25.93000030517578,1.5827342907660336
Stock,AA,2019-05-03,26.68000030517578,1.5827342907660336
Stock,AA,2019-05-06,25.90999984741211,1.5827342907660336
Stock,AA,2019-05-07,25.18000030517578,1.5827342907660336
Stock,AA,2019-05-08,24.690000534057617,1.5827342907660336
Stock,AA,2019-05-09,24.809999465942383,1.5827342907660336
Stock,AA,2019-05-10,25.040000915527344,1.5827342907660336
Stock,AA,2019-05-13,24.540000915527344,1.5827342907660336
Stock,AA,2019-05-14,25.010000228881836,1.5827342907660336
Stock,AA,2019-05-15,25.010000228881836,1.5827342907660336
Stock,AA,2019-05-16,24.979999542236328,1.5827342907660336
Stock,AA,2019-05-17,24.5,1.5827342907660336
Stock,AA,2019-05-20,23.989999771118164,1.5827342907660336
Stock,AA,2019-05-21,24.739999771118164,1.5827342907660336
Stock,AA,2019-05-22,24.239999771118164,1.5827342907660336
Stock,AA,2019-05-23,23.239999771118164,1.5827342907660336
Stock,AA,2019-05-24,23.010000228881836,1.5827342907660336
Stock,AA,2019-05-28,22.549999237060547,1.5827342907660336
Stock,AA,2019-05-29,22.459999084472656,1.5827342907660336
Stock,AA,2019-05-30,21.6200008392334,1.5827342907660336
Stock,AA,2019-05-31,21.190000534057617,1.5827342907660336
Stock,AA,2019-06-03,21.510000228881836,1.5827342907660336
Stock,AA,2019-06-04,21.889999389648438,1.5827342907660336
Stock,AA,2019-06-05,21.3700008392334,1.5827342907660336
Stock,AA,2019-06-06,21.56999969482422,1.5827342907660336
Stock,AA,2019-06-07,21.440000534057617,1.5827342907660336
Stock,AA,2019-06-10,21.579999923706055,1.5827342907660336
Stock,AA,2019-06-11,21.670000076293945,1.5827342907660336
Stock,AA,2019-06-12,21.170000076293945,1.5827342907660336
Stock,AA,2019-06-13,21.799999237060547,1.5827342907660336
Stock,AA,2019-06-14,21.729999542236328,1.5827342907660336
Stock,AA,2019-06-17,21.649999618530273,1.5827342907660336
Stock,AA,2019-06-18,22.540000915527344,1.5827342907660336
Stock,AA,2019-06-19,22.399999618530273,1.5827342907660336
Stock,AA,2019-06-20,22.510000228881836,1.5827342907660336
Stock,AA,2019-06-21,22.600000381469727,1.5827342907660336
Stock,AA,2019-06-24,22.219999313354492,1.5827342907660336
Stock,AA,2019-06-25,22.549999237060547,1.5827342907660336
Stock,AA,2019-06-26,23.209999084472656,1.5827342907660336
Stock,AA,2019-06-27,23.1299991607666,1.5827342907660336
Stock,AA,2019-06-28,23.40999984741211,1.5827342907660336
Stock,AA,2019-07-01,22.920000076293945,1.5827342907660336
Stock,AA,2019-07-02,23.299999237060547,1.5827342907660336
Stock,AA,2019-07-03,22.700000762939453,1.5827342907660336
Stock,AA,2019-07-05,23.1299991607666,1.5827342907660336
Stock,AA,2019-07-08,22.299999237060547,1.5827342907660336
Stock,AA,2019-07-09,22.219999313354492,1.5827342907660336
Stock,AA,2019-07-10,22.610000610351562,1.5827342907660336
Stock,AA,2019-07-11,22.5,1.5827342907660336
Stock,AA,2019-07-12,22.600000381469727,1.5827342907660336
Stock,AA,2019-07-15,23.170000076293945,1.5827342907660336
Stock,AA,2019-07-16,23.31999969482422,1.5827342907660336
Stock,AA,2019-07-17,23.149999618530273,1.5827342907660336
Stock,AA,2019-07-18,23.40999984741211,1.5827342907660336
Stock,AA,2019-07-19,23.110000610351562,1.5827342907660336
Stock,AA,2019-07-22,22.979999542236328,1.5827342907660336
Stock,AA,2019-07-23,22.950000762939453,1.5827342907660336
Stock,AA,2019-07-24,23.559999465942383,1.5827342907660336
Stock,AA,2019-07-25,22.850000381469727,1.5827342907660336
Stock,AA,2019-07-26,23.1299991607666,1.5827342907660336
Stock,AA,2019-07-29,23.1200008392334,1.5827342907660336
Stock,AA,2019-07-30,23.040000915527344,1.5827342907660336
Stock,AA,2019-07-31,22.489999771118164,1.5827342907660336
Stock,AA,2019-08-01,21.329999923706055,1.5827342907660336
Stock,AA,2019-08-02,20.709999084472656,1.5827342907660336
Stock,AA,2019-08-05,20.149999618530273,1.5827342907660336
Stock,AA,2019-08-06,19.889999389648438,1.5827342907660336
Stock,AA,2019-08-07,19.579999923706055,1.5827342907660336
Stock,AA,2019-08-08,20.1200008392334,1.5827342907660336
Stock,AA,2019-08-09,19.209999084472656,1.5827342907660336
Stock,AA,2019-08-12,18.520000457763672,1.5827342907660336
Stock,AA,2019-08-13,19.110000610351562,1.5827342907660336
Stock,AA,2019-08-14,17.5,1.5827342907660336
Stock,AA,2019-08-15,16.920000076293945,1.5827342907660336
Stock,AA,2019-08-16,17.520000457763672,1.5827342907660336
Stock,AA,2019-08-19,18.229999542236328,1.5827342907660336
Stock,AA,2019-08-20,18.309999465942383,1.5827342907660336
Stock,AA,2019-08-21,18.469999313354492,1.5827342907660336
Stock,AA,2019-08-22,18.049999237060547,1.5827342907660336
Stock,AA,2019-08-23,17.479999542236328,1.5827342907660336
Stock,AA,2019-08-26,17.170000076293945,1.5827342907660336
Stock,AA,2019-08-27,16.729999542236328,1.5827342907660336
Stock,AA,2019-08-28,17.010000228881836,1.5827342907660336
Stock,AA,2019-08-29,17.799999237060547,1.5827342907660336
Stock,AA,2019-08-30,17.93000030517578,1.5827342907660336
Stock,AA,2019-09-03,17.610000610351562,1.5827342907660336
Stock,AA,2019-09-04,18.280000686645508,1.5827342907660336
Stock,AA,2019-09-05,19.6200008392334,1.5827342907660336
Stock,AA,2019-09-06,19.110000610351562,1.5827342907660336
Stock,AA,2019-09-09,20.299999237060547,1.5827342907660336
Stock,AA,2019-09-10,20.829999923706055,1.5827342907660336
Stock,AA,2019-09-11,22.18000030517578,1.5827342907660336
Stock,AA,2019-09-12,22.559999465942383,1.5827342907660336
Stock,AA,2019-09-13,22.889999389648438,1.5827342907660336
Stock,AA,2019-09-16,22.559999465942383,1.5827342907660336
Stock,AA,2019-09-17,22.030000686645508,1.5827342907660336
Stock,AA,2019-09-18,21.670000076293945,1.5827342907660336
Stock,AA,2019-09-19,21.940000534057617,1.5827342907660336
Stock,AA,2019-09-20,21.700000762939453,1.5827342907660336
Stock,AA,2019-09-23,21.299999237060547,1.5827342907660336
Stock,AA,2019-09-24,20.6200008392334,1.5827342907660336
Stock,AA,2019-09-25,21.5,1.5827342907660336
Stock,AA,2019-09-26,20.989999771118164,1.5827342907660336
Stock,AA,2019-09-27,20.610000610351562,1.5827342907660336
Stock,AA,2019-09-30,20.06999969482422,1.5827342907660336
Stock,AA,2019-10-01,19.860000610351562,1.5827342907660336
Stock,AA,2019-10-02,19.299999237060547,1.5827342907660336
Stock,AA,2019-10-03,19.049999237060547,1.5827342907660336
Stock,AA,2019-10-04,19.450000762939453,1.5827342907660336
Stock,AA,2019-10-17,20.299999237060547,1.5827342907660336
Stock,AA,2019-10-18,21.540000915527344,1.5827342907660336
Stock,AA,2019-10-21,20.469999313354492,1.5827342907660336
Stock,AA,2019-10-22,20.729999542236328,1.5827342907660336
Stock,AA,2019-10-23,21.280000686645508,1.5827342907660336
Stock,AA,2019-10-24,20.739999771118164,1.5827342907660336
Stock,AA,2019-10-25,21.020000457763672,1.5827342907660336
Stock,AA,2019-10-28,21.520000457763672,1.5827342907660336
Stock,AA,2019-10-29,21.600000381469727,1.5827342907660336
Stock,AA,2019-10-30,21.290000915527344,1.5827342907660336
Stock,AA,2019-10-31,20.790000915527344,1.5827342907660336
Stock,AA,2019-11-01,21.8700008392334,1.5827342907660336
Stock,AA,2019-11-04,22.90999984741211,1.5827342907660336
Stock,AA,2019-11-05,22.59000015258789,1.5827342907660336
Stock,AA,2019-11-06,21.899999618530273,1.5827342907660336
Stock,AA,2019-11-07,22.559999465942383,1.5827342907660336
Stock,AA,2019-11-08,22.530000686645508,1.5827342907660336
Stock,AA,2019-11-11,22.219999313354492,1.5827342907660336
Stock,AA,2019-11-12,22.18000030517578,1.5827342907660336
Stock,AA,2019-11-13,21.219999313354492,1.5827342907660336
Stock,AA,2019-11-14,20.989999771118164,1.5827342907660336
Stock,AA,2019-11-15,20.889999389648438,1.5827342907660336
Stock,AA,2019-11-18,20.760000228881836,1.5827342907660336
Stock,AA,2019-11-19,20.56999969482422,1.5827342907660336
Stock,AA,2019-11-20,20.3700008392334,1.5827342907660336
Stock,AA,2019-11-21,20.149999618530273,1.5827342907660336
Stock,AA,2019-11-22,20.559999465942383,1.5827342907660336
Stock,AA,2019-11-25,20.440000534057617,1.5827342907660336
Stock,AA,2019-11-26,20.260000228881836,1.5827342907660336
Stock,AA,2019-11-27,20.600000381469727,1.5827342907660336
Stock,AA,2019-11-29,20.350000381469727,1.5827342907660336
Stock,AA,2019-12-02,20.329999923706055,1.5827342907660336
Stock,AA,2019-12-03,19.790000915527344,1.5827342907660336
Stock,AA,2019-12-04,19.760000228881836,1.5827342907660336
Stock,AA,2019-12-05,19.8700008392334,1.5827342907660336
Stock,AA,2019-12-06,20.600000381469727,1.5827342907660336
Stock,AA,2019-12-09,20.25,1.5827342907660336
Stock,AA,2019-12-10,20.649999618530273,1.5827342907660336
Stock,AA,2019-12-11,20.649999618530273,1.5827342907660336
Stock,AA,2019-12-12,21.260000228881836,1.5827342907660336
Stock,AA,2019-12-13,20.690000534057617,1.5827342907660336
Stock,AA,2019-12-16,20.979999542236328,1.5827342907660336
Stock,AA,2019-12-17,20.709999084472656,1.5827342907660336
Stock,AA,2019-12-18,20.950000762939453,1.5827342907660336
Stock,AA,2019-12-19,21.469999313354492,1.5827342907660336
Stock,AA,2019-12-20,21.229999542236328,1.5827342907660336
Stock,AA,2019-12-23,21.479999542236328,1.5827342907660336
Stock,AA,2019-12-24,21.579999923706055,1.5827342907660336
Stock,AA,2019-12-26,21.450000762939453,1.5827342907660336
Stock,AA,2019-12-27,21.579999923706055,1.5827342907660336
Stock,AA,2019-12-30,21.34000015258789,1.5827342907660336
Stock,AA,2019-12-31,21.510000228881836,1.5827342907660336
Stock,AA,2020-01-02,21.420000076293945,1.5827342907660336
Stock,AA,2020-01-03,21.5,1.5827342907660336
Stock,AA,2020-01-06,21.0,1.5827342907660336
Stock,AA,2020-01-07,21.31999969482422,1.5827342907660336
Stock,AA,2020-01-08,20.459999084472656,1.5827342907660336
Stock,AA,2020-01-09,19.809999465942383,1.5827342907660336
Stock,AA,2020-01-10,19.450000762939453,1.5827342907660336
Stock,AA,2020-01-13,19.610000610351562,1.5827342907660336
Stock,AA,2020-01-14,20.3700008392334,1.5827342907660336
Stock,AA,2020-01-15,20.18000030517578,1.5827342907660336
Stock,AA,2020-01-16,17.780000686645508,1.5827342907660336
Stock,AA,2020-01-17,17.690000534057617,1.5827342907660336
Stock,AA,2020-01-21,17.1200008392334,1.5827342907660336
Stock,AA,2020-01-22,16.59000015258789,1.5827342907660336
Stock,AA,2020-01-23,16.290000915527344,1.5827342907660336
Stock,AA,2020-01-24,15.510000228881836,1.5827342907660336
Stock,AA,2020-01-27,14.869999885559082,1.5827342907660336
Stock,AA,2020-01-28,14.710000038146973,1.5827342907660336
Stock,AA,2020-01-29,14.5,1.5827342907660336
Stock,AA,2020-01-30,14.289999961853027,1.5827342907660336
Stock,AA,2020-01-31,13.949999809265137,1.5827342907660336
Stock,AA,2020-02-03,14.239999771118164,1.5827342907660336
Stock,AA,2020-02-04,14.699999809265137,1.5827342907660336
Stock,AA,2020-02-05,15.8100004196167,1.5827342907660336
Stock,AA,2020-02-06,15.920000076293945,1.5827342907660336
Stock,AA,2020-02-07,15.550000190734863,1.5827342907660336
Stock,AA,2020-02-10,15.420000076293945,1.5827342907660336
Stock,AA,2020-02-11,15.739999771118164,1.5827342907660336
Stock,AA,2020-02-12,15.760000228881836,1.5827342907660336
Stock,AA,2020-02-13,15.75,1.5827342907660336
Stock,AA,2020-02-14,15.670000076293945,1.5827342907660336
Stock,AA,2020-02-18,15.979999542236328,1.5827342907660336
Stock,AA,2020-02-19,16.700000762939453,1.5827342907660336
Stock,AA,2020-02-20,16.100000381469727,1.5827342907660336
Stock,AA,2020-02-21,16.100000381469727,1.5827342907660336
Stock,AA,2020-02-24,15.359999656677246,1.5827342907660336
Stock,AA,2020-02-25,14.5,1.5827342907660336
Stock,AA,2020-02-26,14.119999885559082,1.5827342907660336
Stock,AA,2020-02-27,13.460000038146973,1.5827342907660336
Stock,AA,2020-02-28,13.869999885559082,1.5827342907660336
Stock,AA,2020-03-02,13.729999542236328,1.5827342907660336
Stock,AA,2020-03-03,12.9399995803833,1.5827342907660336
Stock,AA,2020-03-04,12.880000114440918,1.5827342907660336
Stock,AA,2020-03-05,11.890000343322754,1.5827342907660336
Stock,AA,2020-03-06,11.010000228881836,1.5827342907660336
Stock,AA,2020-03-09,8.6899995803833,1.5827342907660336
Stock,AA,2020-03-10,9.260000228881836,1.5827342907660336
Stock,AA,2020-03-11,9.199999809265137,1.5827342907660336
Stock,AA,2020-03-12,7.510000228881836,1.5827342907660336
Stock,AA,2020-03-13,8.0,1.5827342907660336
Stock,AA,2020-03-16,6.820000171661377,1.5827342907660336
Stock,AA,2020-03-17,7.0,1.5827342907660336
Stock,AA,2020-03-18,5.75,1.5827342907660336
Stock,AA,2020-03-19,5.829999923706055,1.5827342907660336
Stock,AA,2020-03-20,5.480000019073486,1.5827342907660336
Stock,AA,2020-03-23,5.670000076293945,1.5827342907660336
Stock,AA,2020-03-24,7.269999980926514,1.5827342907660336
Stock,AA,2020-03-25,7.090000152587891,1.5827342907660336
Stock,AA,2020-03-26,6.840000152587891,1.5827342907660336
Stock,AA,2020-03-27,6.550000190734863,1.5827342907660336
Stock,AA,2020-03-30,6.070000171661377,1.5827342907660336
Stock,AA,2020-03-31,6.159999847412109,1.5827342907660336
Stock,AA,2020-04-01,6.25,1.5827342907660336
Stock,AACG,2019-03-11,1.0800000429153442,6.968434541349586
Stock,AACG,2019-03-12,1.0499999523162842,6.968434541349586
Stock,AACG,2019-03-13,1.0700000524520874,6.968434541349586
Stock,AACG,2019-03-14,1.0800000429153442,6.968434541349586
Stock,AACG,2019-03-15,1.0399999618530273,6.968434541349586
Stock,AACG,2019-03-18,1.0700000524520874,6.968434541349586
Stock,AACG,2019-03-19,1.059999942779541,6.968434541349586
Stock,AACG,2019-03-20,1.0099999904632568,6.968434541349586
Stock,AACG,2019-03-21,1.0299999713897705,6.968434541349586
Stock,AACG,2019-03-22,1.0299999713897705,6.968434541349586
Stock,AACG,2019-03-25,0.9900000095367432,6.968434541349586
Stock,AACG,2019-03-26,1.0,6.968434541349586
Stock,AACG,2019-03-27,1.0199999809265137,6.968434541349586
Stock,AACG,2019-03-28,1.0,6.968434541349586
Stock,AACG,2019-03-29,0.9900000095367432,6.968434541349586
Stock,AACG,2019-04-01,1.0,6.968434541349586
Stock,AACG,2019-04-02,1.0,6.968434541349586
Stock,AACG,2019-04-03,0.9900000095367432,6.968434541349586
Stock,AACG,2019-04-04,1.0,6.968434541349586
Stock,AACG,2019-04-05,1.0,6.968434541349586
Stock,AACG,2019-04-08,1.0199999809265137,6.968434541349586
Stock,AACG,2019-04-09,2.119999885559082,6.968434541349586
Stock,AACG,2019-04-10,3.8499999046325684,6.968434541349586
Stock,AACG,2019-04-11,3.049999952316284,6.968434541349586
Stock,AACG,2019-04-12,2.5,6.968434541349586
Stock,AACG,2019-04-15,3.25,6.968434541349586
Stock,AACG,2019-04-16,2.7200000286102295,6.968434541349586
Stock,AACG,2019-04-17,2.7699999809265137,6.968434541349586
Stock,AACG,2019-04-18,2.6700000762939453,6.968434541349586
Stock,AACG,2019-04-22,2.299999952316284,6.968434541349586
Stock,AACG,2019-04-23,2.3499999046325684,6.968434541349586
Stock,AACG,2019-04-24,2.3399999141693115,6.968434541349586
Stock,AACG,2019-04-25,2.2100000381469727,6.968434541349586
Stock,AACG,2019-04-26,2.0399999618530273,6.968434541349586
Stock,AACG,2019-04-29,2.0,6.968434541349586
Stock,AACG,2019-04-30,1.8799999952316284,6.968434541349586
Stock,AACG,2019-05-01,1.7599999904632568,6.968434541349586
Stock,AACG,2019-05-02,1.690000057220459,6.968434541349586
Stock,AACG,2019-05-03,1.809999942779541,6.968434541349586
Stock,AACG,2019-05-06,1.840000033378601,6.968434541349586
Stock,AACG,2019-05-07,2.259999990463257,6.968434541349586
Stock,AACG,2019-05-08,2.190000057220459,6.968434541349586
Stock,AACG,2019-05-09,1.909999966621399,6.968434541349586
Stock,AACG,2019-05-10,2.3499999046325684,6.968434541349586
Stock,AACG,2019-05-13,2.5799999237060547,6.968434541349586
Stock,AACG,2019-05-14,2.25,6.968434541349586
Stock,AACG,2019-05-15,2.380000114440918,6.968434541349586
Stock,AACG,2019-05-16,2.4000000953674316,6.968434541349586
Stock,AACG,2019-05-17,2.380000114440918,6.968434541349586
Stock,AACG,2019-05-20,2.140000104904175,6.968434541349586
Stock,AACG,2019-05-21,2.2300000190734863,6.968434541349586
Stock,AACG,2019-05-22,2.049999952316284,6.968434541349586
Stock,AACG,2019-05-23,2.0199999809265137,6.968434541349586
Stock,AACG,2019-05-24,2.0,6.968434541349586
Stock,AACG,2019-05-28,2.009999990463257,6.968434541349586
Stock,AACG,2019-05-29,1.9600000381469727,6.968434541349586
Stock,AACG,2019-05-30,1.899999976158142,6.968434541349586
Stock,AACG,2019-05-31,1.8300000429153442,6.968434541349586
Stock,AACG,2019-06-03,1.7999999523162842,6.968434541349586
Stock,AACG,2019-06-04,1.8300000429153442,6.968434541349586
Stock,AACG,2019-06-05,1.840000033378601,6.968434541349586
Stock,AACG,2019-06-06,1.9900000095367432,6.968434541349586
Stock,AACG,2019-06-07,1.9900000095367432,6.968434541349586
Stock,AACG,2019-06-10,2.190000057220459,6.968434541349586
Stock,AACG,2019-06-11,2.130000114440918,6.968434541349586
Stock,AACG,2019-06-12,2.130000114440918,6.968434541349586
Stock,AACG,2019-06-13,2.1600000858306885,6.968434541349586
Stock,AACG,2019-06-14,2.109999895095825,6.968434541349586
Stock,AACG,2019-06-17,2.109999895095825,6.968434541349586
Stock,AACG,2019-06-18,2.240000009536743,6.968434541349586
Stock,AACG,2019-06-19,2.4800000190734863,6.968434541349586
Stock,AACG,2019-06-20,2.6600000858306885,6.968434541349586
Stock,AACG,2019-06-21,2.5899999141693115,6.968434541349586
Stock,AACG,2019-06-24,2.5299999713897705,6.968434541349586
Stock,AACG,2019-06-25,2.640000104904175,6.968434541349586
Stock,AACG,2019-06-26,2.75,6.968434541349586
Stock,AACG,2019-06-27,2.5999999046325684,6.968434541349586
Stock,AACG,2019-06-28,2.700000047683716,6.968434541349586
Stock,AACG,2019-07-01,2.640000104904175,6.968434541349586
Stock,AACG,2019-07-02,2.509999990463257,6.968434541349586
Stock,AACG,2019-07-03,2.450000047683716,6.968434541349586
Stock,AACG,2019-07-05,2.5299999713897705,6.968434541349586
Stock,AACG,2019-07-08,2.430000066757202,6.968434541349586
Stock,AACG,2019-07-09,2.450000047683716,6.968434541349586
Stock,AACG,2019-07-10,2.569999933242798,6.968434541349586
Stock,AACG,2019-07-11,2.569999933242798,6.968434541349586
Stock,AACG,2019-07-12,2.609999895095825,6.968434541349586
Stock,AACG,2019-07-15,2.619999885559082,6.968434541349586
Stock,AACG,2019-07-16,2.809999942779541,6.968434541349586
Stock,AACG,2019-07-17,2.7699999809265137,6.968434541349586
Stock,AACG,2019-07-18,2.8499999046325684,6.968434541349586
Stock,AACG,2019-07-19,2.630000114440918,6.968434541349586
Stock,AACG,2019-07-22,2.619999885559082,6.968434541349586
Stock,AACG,2019-07-23,2.640000104904175,6.968434541349586
Stock,AACG,2019-07-24,2.619999885559082,6.968434541349586
Stock,AACG,2019-07-25,2.619999885559082,6.968434541349586
Stock,AACG,2019-07-26,2.5999999046325684,6.968434541349586
Stock,AACG,2019-07-29,2.5999999046325684,6.968434541349586
Stock,AACG,2019-07-30,2.5999999046325684,6.968434541349586
Stock,AACG,2019-07-31,2.630000114440918,6.968434541349586
Stock,AACG,2019-08-01,2.609999895095825,6.968434541349586
Stock,AACG,2019-08-02,2.5199999809265137,6.968434541349586
Stock,AACG,2019-08-05,2.25,6.968434541349586
Stock,AACG,2019-08-06,2.3399999141693115,6.968434541349586
Stock,AACG,2019-08-07,2.369999885559082,6.968434541349586
Stock,AACG,2019-08-08,2.4000000953674316,6.968434541349586
Stock,AACG,2019-08-09,2.180000066757202,6.968434541349586
Stock,AACG,2019-08-12,2.2300000190734863,6.968434541349586
Stock,AACG,2019-08-13,2.109999895095825,6.968434541349586
Stock,AACG,2019-08-14,2.240000009536743,6.968434541349586
Stock,AACG,2019-08-15,2.140000104904175,6.968434541349586
Stock,AACG,2019-08-16,2.0799999237060547,6.968434541349586
Stock,AACG,2019-08-19,2.0199999809265137,6.968434541349586
Stock,AACG,2019-08-20,1.8300000429153442,6.968434541349586
Stock,AACG,2019-08-21,1.8300000429153442,6.968434541349586
Stock,AACG,2019-08-22,1.8899999856948853,6.968434541349586
Stock,AACG,2019-08-23,1.8799999952316284,6.968434541349586
Stock,AACG,2019-08-26,1.8700000047683716,6.968434541349586
Stock,AACG,2019-08-27,1.850000023841858,6.968434541349586
Stock,AACG,2019-08-28,1.8600000143051147,6.968434541349586
Stock,AACG,2019-08-29,1.899999976158142,6.968434541349586
Stock,AACG,2019-08-30,1.8600000143051147,6.968434541349586
Stock,AACG,2019-09-03,1.8700000047683716,6.968434541349586
Stock,AACG,2019-09-04,1.8700000047683716,6.968434541349586
Stock,AACG,2019-09-05,1.9299999475479126,6.968434541349586
Stock,AACG,2019-09-06,1.8899999856948853,6.968434541349586
Stock,AACG,2019-09-09,1.8600000143051147,6.968434541349586
Stock,AACG,2019-09-10,1.899999976158142,6.968434541349586
Stock,AACG,2019-09-11,1.840000033378601,6.968434541349586
Stock,AACG,2019-09-12,1.8600000143051147,6.968434541349586
Stock,AACG,2019-09-13,1.850000023841858,6.968434541349586
Stock,AACG,2019-09-16,1.809999942779541,6.968434541349586
Stock,AACG,2019-09-17,1.809999942779541,6.968434541349586
Stock,AACG,2019-09-18,1.7999999523162842,6.968434541349586
Stock,AACG,2019-09-19,1.7899999618530273,6.968434541349586
Stock,AACG,2019-09-20,1.7999999523162842,6.968434541349586
Stock,AACG,2019-09-23,1.8600000143051147,6.968434541349586
Stock,AACG,2019-09-24,1.7899999618530273,6.968434541349586
Stock,AACG,2019-09-25,1.6799999475479126,6.968434541349586
Stock,AACG,2019-09-26,1.7300000190734863,6.968434541349586
Stock,AACG,2019-09-27,1.659999966621399,6.968434541349586
Stock,AACG,2019-09-30,1.6299999952316284,6.968434541349586
Stock,AACG,2019-10-01,1.5099999904632568,6.968434541349586
Stock,AACG,2019-10-02,1.600000023841858,6.968434541349586
Stock,AACG,2019-10-03,1.6299999952316284,6.968434541349586
Stock,AACG,2019-10-04,1.6799999475479126,6.968434541349586
Stock,AACG,2019-10-17,1.840000033378601,6.968434541349586
Stock,AACG,2019-10-18,1.7699999809265137,6.968434541349586
Stock,AACG,2019-10-21,1.8200000524520874,6.968434541349586
Stock,AACG,2019-10-22,1.7799999713897705,6.968434541349586
Stock,AACG,2019-10-23,1.8300000429153442,6.968434541349586
Stock,AACG,2019-10-24,1.8300000429153442,6.968434541349586
Stock,AACG,2019-10-25,1.8700000047683716,6.968434541349586
Stock,AACG,2019-10-28,1.7899999618530273,6.968434541349586
Stock,AACG,2019-10-29,1.75,6.968434541349586
Stock,AACG,2019-10-30,1.7899999618530273,6.968434541349586
Stock,AACG,2019-10-31,1.7799999713897705,6.968434541349586
Stock,AACG,2019-11-01,1.7699999809265137,6.968434541349586
Stock,AACG,2019-11-04,1.7400000095367432,6.968434541349586
Stock,AACG,2019-11-05,1.7400000095367432,6.968434541349586
Stock,AACG,2019-11-06,1.7200000286102295,6.968434541349586
Stock,AACG,2019-11-07,1.7200000286102295,6.968434541349586
Stock,AACG,2019-11-08,1.7300000190734863,6.968434541349586
Stock,AACG,2019-11-11,1.7200000286102295,6.968434541349586
Stock,AACG,2019-11-12,1.7000000476837158,6.968434541349586
Stock,AACG,2019-11-13,1.7100000381469727,6.968434541349586
Stock,AACG,2019-11-14,1.7300000190734863,6.968434541349586
Stock,AACG,2019-11-15,1.7000000476837158,6.968434541349586
Stock,AACG,2019-11-18,1.6699999570846558,6.968434541349586
Stock,AACG,2019-11-19,1.7400000095367432,6.968434541349586
Stock,AACG,2019-11-20,1.7699999809265137,6.968434541349586
Stock,AACG,2019-11-21,1.850000023841858,6.968434541349586
Stock,AACG,2019-11-22,1.8799999952316284,6.968434541349586
Stock,AACG,2019-11-25,1.7899999618530273,6.968434541349586
Stock,AACG,2019-11-26,1.809999942779541,6.968434541349586
Stock,AACG,2019-11-27,1.7999999523162842,6.968434541349586
Stock,AACG,2019-11-29,1.7999999523162842,6.968434541349586
Stock,AACG,2019-12-02,1.8200000524520874,6.968434541349586
Stock,AACG,2019-12-03,1.7400000095367432,6.968434541349586
Stock,AACG,2019-12-04,1.7599999904632568,6.968434541349586
Stock,AACG,2019-12-05,1.7000000476837158,6.968434541349586
Stock,AACG,2019-12-06,1.649999976158142,6.968434541349586
Stock,AACG,2019-12-09,1.6200000047683716,6.968434541349586
Stock,AACG,2019-12-10,1.5499999523162842,6.968434541349586
Stock,AACG,2019-12-11,1.4800000190734863,6.968434541349586
Stock,AACG,2019-12-12,1.3600000143051147,6.968434541349586
Stock,AACG,2019-12-13,1.4199999570846558,6.968434541349586
Stock,AACG,2019-12-16,1.5,6.968434541349586
Stock,AACG,2019-12-17,1.4299999475479126,6.968434541349586
Stock,AACG,2019-12-18,1.590000033378601,6.968434541349586
Stock,AACG,2019-12-19,1.590000033378601,6.968434541349586
Stock,AACG,2019-12-20,1.5099999904632568,6.968434541349586
Stock,AACG,2019-12-23,1.4900000095367432,6.968434541349586
Stock,AACG,2019-12-24,1.4299999475479126,6.968434541349586
Stock,AACG,2019-12-26,1.4700000286102295,6.968434541349586
Stock,AACG,2019-12-27,1.399999976158142,6.968434541349586
Stock,AACG,2019-12-30,1.3799999952316284,6.968434541349586
Stock,AACG,2019-12-31,1.3600000143051147,6.968434541349586
Stock,AACG,2020-01-02,1.350000023841858,6.968434541349586
Stock,AACG,2020-01-03,1.4700000286102295,6.968434541349586
Stock,AACG,2020-01-06,1.4299999475479126,6.968434541349586
Stock,AACG,2020-01-07,1.4299999475479126,6.968434541349586
Stock,AACG,2020-01-08,1.5099999904632568,6.968434541349586
Stock,AACG,2020-01-09,1.4500000476837158,6.968434541349586
Stock,AACG,2020-01-10,1.4800000190734863,6.968434541349586
Stock,AACG,2020-01-13,1.5199999809265137,6.968434541349586
Stock,AACG,2020-01-14,1.5499999523162842,6.968434541349586
Stock,AACG,2020-01-15,1.6100000143051147,6.968434541349586
Stock,AACG,2020-01-16,1.6299999952316284,6.968434541349586
Stock,AACG,2020-01-17,1.399999976158142,6.968434541349586
Stock,AACG,2020-01-21,1.409999966621399,6.968434541349586
Stock,AACG,2020-01-22,1.5299999713897705,6.968434541349586
Stock,AACG,2020-01-23,1.440000057220459,6.968434541349586
Stock,AACG,2020-01-24,1.3600000143051147,6.968434541349586
Stock,AACG,2020-01-27,1.309999942779541,6.968434541349586
Stock,AACG,2020-01-28,1.2599999904632568,6.968434541349586
Stock,AACG,2020-01-29,1.159999966621399,6.968434541349586
Stock,AACG,2020-01-30,1.159999966621399,6.968434541349586
Stock,AACG,2020-01-31,1.159999966621399,6.968434541349586
Stock,AACG,2020-02-03,1.159999966621399,6.968434541349586
Stock,AACG,2020-02-04,1.149999976158142,6.968434541349586
Stock,AACG,2020-02-05,1.159999966621399,6.968434541349586
Stock,AACG,2020-02-06,1.1399999856948853,6.968434541349586
Stock,AACG,2020-02-07,1.0299999713897705,6.968434541349586
Stock,AACG,2020-02-10,1.100000023841858,6.968434541349586
Stock,AACG,2020-02-11,1.0800000429153442,6.968434541349586
Stock,AACG,2020-02-12,1.0499999523162842,6.968434541349586
Stock,AACG,2020-02-13,1.100000023841858,6.968434541349586
Stock,AACG,2020-02-14,1.149999976158142,6.968434541349586
Stock,AACG,2020-02-18,1.2899999618530273,6.968434541349586
Stock,AACG,2020-02-19,1.1699999570846558,6.968434541349586
Stock,AACG,2020-02-20,1.2400000095367432,6.968434541349586
Stock,AACG,2020-02-21,1.1100000143051147,6.968434541349586
Stock,AACG,2020-02-24,1.0499999523162842,6.968434541349586
Stock,AACG,2020-02-25,1.1399999856948853,6.968434541349586
Stock,AACG,2020-02-26,1.1299999952316284,6.968434541349586
Stock,AACG,2020-02-27,1.059999942779541,6.968434541349586
Stock,AACG,2020-02-28,1.0299999713897705,6.968434541349586
Stock,AACG,2020-03-02,0.9800000190734863,6.968434541349586
Stock,AACG,2020-03-03,0.9800000190734863,6.968434541349586
Stock,AACG,2020-03-04,1.0,6.968434541349586
Stock,AACG,2020-03-05,0.9599999785423279,6.968434541349586
Stock,AACG,2020-03-06,1.0,6.968434541349586
Stock,AACG,2020-03-09,0.9700000286102295,6.968434541349586
Stock,AACG,2020-03-10,0.9800000190734863,6.968434541349586
Stock,AACG,2020-03-11,0.9599999785423279,6.968434541349586
Stock,AACG,2020-03-12,0.8999999761581421,6.968434541349586
Stock,AACG,2020-03-13,0.8600000143051147,6.968434541349586
Stock,AACG,2020-03-16,0.8500000238418579,6.968434541349586
Stock,AACG,2020-03-17,0.9100000262260437,6.968434541349586
Stock,AACG,2020-03-18,0.7300000190734863,6.968434541349586
Stock,AACG,2020-03-19,0.7400000095367432,6.968434541349586
Stock,AACG,2020-03-20,0.8999999761581421,6.968434541349586
Stock,AACG,2020-03-23,0.8399999737739563,6.968434541349586
Stock,AACG,2020-03-24,0.8600000143051147,6.968434541349586
Stock,AACG,2020-03-25,0.9100000262260437,6.968434541349586
Stock,AACG,2020-03-26,1.0,6.968434541349586
Stock,AACG,2020-03-27,0.9599999785423279,6.968434541349586
Stock,AACG,2020-03-30,0.949999988079071,6.968434541349586
Stock,AACG,2020-03-31,0.949999988079071,6.968434541349586
Stock,AACG,2020-04-01,0.949999988079071,6.968434541349586
